Countries,ExportValue,ImportValue,Year,Latitude,Longitude
Vietnam,4581.9,3794.6,2018,21.75,105.373
Vietnam,2451.3,3417.8,2014,21.75,105.373
Vietnam,3586.9,3228.8,2017,21.75,105.373
Vietnam,3045.6,3228.4,2016,21.75,105.373
Vietnam,2740.2,3161.5,2015,21.75,105.373
Vietnam,2400.9,2722.6,2013,21.75,105.373
Vietnam,2273.7,2595,2012,21.75,105.373
Vietnam,2354.2,2382.9,2011,21.75,105.373
Vietnam,1052,1710.7,2006,21.75,105.373
Vietnam,468.1,1710.3,2003,21.75,105.373
Vietnam,601,1363.1,2004,21.75,105.373
Vietnam,392.9,1206.9,2002,21.75,105.373
Vietnam,1946.2,1142.3,2010,21.75,105.373
Vietnam,678.4,1062.9,2005,21.75,105.373
Vietnam,1355.1,994.2,2007,21.75,105.373
Vietnam,1672.9,717.7,2008,21.75,105.373
Vietnam,1454.2,653.8,2009,21.75,105.373
United States,14874.4,11602.6,2012,40.0792,-98.8164
United States,16459.1,10813.2,2011,40.0792,-98.8164
United States,18439.8,10176.2,2018,40.0792,-98.8164
United States,14266.6,9399.2,2010,40.0792,-98.8164
United States,15691.7,9065.7,2013,40.0792,-98.8164
United States,16530.1,8170.1,2014,40.0792,-98.8164
United States,17794.5,8121.6,2017,40.0792,-98.8164
United States,13036.9,7880.1,2008,40.0792,-98.8164
United States,16240.8,7593.2,2015,40.0792,-98.8164
United States,16141.4,7298.4,2016,40.0792,-98.8164
United States,10850,7083.9,2009,40.0792,-98.8164
United States,11614.2,4787.2,2007,40.0792,-98.8164
United States,11232.1,4623.4,2006,40.0792,-98.8164
United States,7373.7,4054.7,2003,40.0792,-98.8164
United States,7558.6,3824.1,2002,40.0792,-98.8164
United States,8767.3,3740.2,2004,40.0792,-98.8164
United States,9868.5,3731.1,2005,40.0792,-98.8164
United Kingdom,1696.8,1366.3,2012,52.289,-1.259
United Kingdom,1465.3,1212.5,2018,52.289,-1.259
United Kingdom,1719.7,1173.9,2011,52.289,-1.259
United Kingdom,1295.3,1117.9,2004,52.289,-1.259
United Kingdom,1634.8,1081.9,2013,52.289,-1.259
United Kingdom,1546.9,1067.6,2008,52.289,-1.259
United Kingdom,1406.1,1049.6,2017,52.289,-1.259
United Kingdom,1693.2,937.9,2010,52.289,-1.259
United Kingdom,1658.6,894.8,2014,52.289,-1.259
United Kingdom,1590.4,893.8,2016,52.289,-1.259
United Kingdom,1459.3,844.6,2009,52.289,-1.259
United Kingdom,1527.1,818.9,2015,52.289,-1.259
United Kingdom,1291.5,817.7,2005,52.289,-1.259
United Kingdom,1135.8,727.6,2003,52.289,-1.259
United Kingdom,1252.4,692.1,2002,52.289,-1.259
United Kingdom,1454.2,654,2007,52.289,-1.259
United Kingdom,1432.4,580.5,2006,52.289,-1.259
Thailand,6635.1,11438.5,2012,15.688,100.845
Thailand,6820.9,10952.8,2018,15.688,100.845
Thailand,6061.9,10703.1,2013,15.688,100.845
Thailand,5896.7,10405.1,2011,15.688,100.845
Thailand,5783.1,9781,2014,15.688,100.845
Thailand,6473.7,9281.6,2017,15.688,100.845
Thailand,5394,8666.9,2016,15.688,100.845
Thailand,5507.3,8083.4,2015,15.688,100.845
Thailand,4566.6,7470.7,2010,15.688,100.845
Thailand,3661.3,6334.3,2008,15.688,100.845
Thailand,1976.2,4663,2004,15.688,100.845
Thailand,3233.8,4612.9,2009,15.688,100.845
Thailand,2246.5,4529.5,2005,15.688,100.845
Thailand,3054.3,4287.1,2007,15.688,100.845
Thailand,1392.6,3858.8,2003,15.688,100.845
Thailand,2701.5,3299.8,2006,15.688,100.845
Thailand,1227.4,3244.9,2002,15.688,100.845
Sweden,166.3,1298.7,2012,66.2188,19
Sweden,134.1,1031,2008,66.2188,19
Sweden,170.4,886.2,2011,66.2188,19
Sweden,162.4,825.6,2013,66.2188,19
Sweden,109.8,773.2,2007,66.2188,19
Sweden,156.5,725.6,2010,66.2188,19
Sweden,144.3,712.3,2009,66.2188,19
Sweden,161.2,705.1,2018,66.2188,19
Sweden,146.8,691.2,2015,66.2188,19
Sweden,177.1,691,2014,66.2188,19
Sweden,149.5,594.7,2017,66.2188,19
Sweden,144.7,526.2,2016,66.2188,19
Sweden,127.7,292,2002,66.2188,19
Sweden,110.4,150,2003,66.2188,19
Sweden,135.4,142.6,2006,66.2188,19
Sweden,115.2,141.6,2004,66.2188,19
Sweden,108.1,131.5,2005,66.2188,19
Spain,2253.3,681.5,2018,40.617,-3.388
Spain,1810.4,545.2,2013,40.617,-3.388
Spain,1937.6,517.1,2014,40.617,-3.388
Spain,2010.1,496.1,2017,40.617,-3.388
Spain,1579.3,484.1,2016,40.617,-3.388
Spain,1481.3,472.5,2015,40.617,-3.388
Spain,2069.3,459.1,2012,40.617,-3.388
Spain,2427.9,379.6,2011,40.617,-3.388
Spain,2328.7,309.3,2010,40.617,-3.388
Spain,1906.2,286.4,2007,40.617,-3.388
Spain,1830.5,254,2009,40.617,-3.388
Spain,1665.3,251.8,2008,40.617,-3.388
Spain,1641.1,173.3,2006,40.617,-3.388
Spain,1205.5,149.1,2005,40.617,-3.388
Spain,996.4,124.7,2002,40.617,-3.388
Spain,837.5,123,2004,40.617,-3.388
Spain,1022.4,90.7,2003,40.617,-3.388
Singapore,17135,26087.3,2012,1.3389,103.8297
Singapore,18443.9,25964.7,2011,1.3389,103.8297
Singapore,16686.3,25581.8,2013,1.3389,103.8297
Singapore,16728.3,25185.7,2014,1.3389,103.8297
Singapore,12862,21789.5,2008,1.3389,103.8297
Singapore,12915,21439.5,2018,1.3389,103.8297
Singapore,13723.3,20240.8,2010,1.3389,103.8297
Singapore,12632.6,18022.5,2015,1.3389,103.8297
Singapore,12724.9,16888.6,2017,1.3389,103.8297
Singapore,10262.7,15550.4,2009,1.3389,103.8297
Singapore,7836.6,15300.2,2005,1.3389,103.8297
Singapore,11861,14548.3,2016,1.3389,103.8297
Singapore,8929.8,13265.8,2006,1.3389,103.8297
Singapore,6001.2,12148.6,2004,1.3389,103.8297
Singapore,5349.1,11775.6,2002,1.3389,103.8297
Singapore,5399.7,10712.7,2003,1.3389,103.8297
Singapore,10501.6,9839.8,2007,1.3389,103.8297
Rest of Oceania,246.3,449.8,2002,,
Rest of Oceania,258.1,445.2,2003,,
Rest of Oceania,269.6,240,2018,,
Rest of Oceania,302.6,185.1,2017,,
Rest of Oceania,243,154,2009,,
Rest of Oceania,336.4,62.4,2012,,
Rest of Oceania,70.1,61.4,2004,,
Rest of Oceania,85.6,59.8,2005,,
Rest of Oceania,249.8,54.3,2010,,
Rest of Oceania,167,53.9,2008,,
Rest of Oceania,308.6,38.8,2014,,
Rest of Oceania,348.9,37.6,2011,,
Rest of Oceania,338.1,37.3,2016,,
Rest of Oceania,295,27.4,2015,,
Rest of Oceania,73.6,26.5,2007,,
Rest of Oceania,367.5,23.4,2013,,
Rest of Oceania,96.4,13.5,2006,,
Rest of European Union,919.9,856.1,2011,,
Rest of European Union,1435.1,831.5,2018,,
Rest of European Union,745.6,806.5,2012,,
Rest of European Union,1068.1,766.7,2017,,
Rest of European Union,892.6,750.6,2016,,
Rest of European Union,827.9,725.3,2013,,
Rest of European Union,924.5,667.8,2014,,
Rest of European Union,827,623.9,2015,,
Rest of European Union,787.3,474.4,2010,,
Rest of European Union,673.2,359.4,2009,,
Rest of European Union,607.3,303.9,2007,,
Rest of European Union,758.7,281.7,2008,,
Rest of European Union,614.5,169.5,2006,,
Rest of European Union,547,82.8,2005,,
Rest of European Union,440.6,13.6,2004,,
Rest of European Union,298.1,1.2,2002,,
Rest of European Union,324.7,1,2003,,
Rest of Europe,1858.7,6036.4,2013,,
Rest of Europe,1696.9,5485.9,2012,,
Rest of Europe,1752.7,5460,2014,,
Rest of Europe,1789.7,5226.6,2011,,
Rest of Europe,2166,4247.8,2018,,
Rest of Europe,2951.3,3654.7,2017,,
Rest of Europe,2546,3635.8,2015,,
Rest of Europe,1450.7,3509.7,2010,,
Rest of Europe,3954.5,3496.5,2016,,
Rest of Europe,1426.7,3244.5,2008,,
Rest of Europe,482.1,2855.8,2004,,
Rest of Europe,650.3,2507.9,2005,,
Rest of Europe,832.1,2434.9,2006,,
Rest of Europe,983.5,2214.1,2009,,
Rest of Europe,6912.5,1982.1,2003,,
Rest of Europe,6327.2,1810.4,2002,,
Rest of Europe,1142.4,1579.2,2007,,
Rest of Asia,22630.6,24471.9,2013,,
Rest of Asia,22059.7,24086.7,2012,,
Rest of Asia,24076.8,23050.7,2014,,
Rest of Asia,22902.8,22505.3,2011,,
Rest of Asia,24133.4,22373.6,2018,,
Rest of Asia,15273.4,17734.1,2008,,
Rest of Asia,0,17642.9,2002,,
Rest of Asia,24225.8,17602.2,2017,,
Rest of Asia,17416.6,17016.9,2010,,
Rest of Asia,0,16113.6,2003,,
Rest of Asia,5534.2,15679.3,2004,,
Rest of Asia,22128.1,15123.6,2015,,
Rest of Asia,8566.8,14440.6,2006,,
Rest of Asia,7173.2,13814.2,2005,,
Rest of Asia,19059.6,13681,2016,,
Rest of Asia,13498,12932.6,2009,,
Rest of Asia,11625.6,9898,2007,,
Rest of America,3018.5,4768.4,2013,,
Rest of America,2899.6,4567.2,2014,,
Rest of America,2975.2,4457,2012,,
Rest of America,1405,4384.2,2006,,
Rest of America,2399.1,4233.9,2016,,
Rest of America,3295.2,4231.1,2011,,
Rest of America,2450.2,4136.6,2015,,
Rest of America,2693.4,3819.9,2018,,
Rest of America,2576.6,3722,2017,,
Rest of America,851.6,3634.9,2004,,
Rest of America,1053.3,3596.9,2005,,
Rest of America,2740.3,3212.9,2010,,
Rest of America,1972.3,2494.6,2008,,
Rest of America,0,2322.3,2002,,
Rest of America,1717.2,2282,2009,,
Rest of America,0,2277,2003,,
Rest of America,1623,1484,2007,,
Philippines,6832.2,958.4,2018,17.181,121.256
Philippines,6629.6,859.3,2017,17.181,121.256
Philippines,3699,852.4,2011,17.181,121.256
Philippines,5270.9,821.8,2016,17.181,121.256
Philippines,3707.6,799.7,2012,17.181,121.256
Philippines,3817,777.4,2013,17.181,121.256
Philippines,2053.6,755.5,2008,17.181,121.256
Philippines,3180.7,706.3,2010,17.181,121.256
Philippines,3887.8,699.7,2014,17.181,121.256
Philippines,3921.7,683.1,2015,17.181,121.256
Philippines,2405.9,544,2009,17.181,121.256
Philippines,1853.7,359.9,2007,17.181,121.256
Philippines,1405.7,359.4,2006,17.181,121.256
Philippines,1419.1,289.5,2005,17.181,121.256
Philippines,1237.6,205.6,2004,17.181,121.256
Philippines,778.2,188,2002,17.181,121.256
Philippines,944.7,175.1,2003,17.181,121.256
New Zealand,481.4,836,2014,-42.558,172.377
New Zealand,490.7,808.5,2018,-42.558,172.377
New Zealand,469.5,806,2013,-42.558,172.377
New Zealand,437.4,751.2,2017,-42.558,172.377
New Zealand,371.7,729.2,2011,-42.558,172.377
New Zealand,396.2,726.9,2010,-42.558,172.377
New Zealand,542.3,706.7,2008,-42.558,172.377
New Zealand,441,696.3,2012,-42.558,172.377
New Zealand,366.6,660.9,2016,-42.558,172.377
New Zealand,436.2,637,2015,-42.558,172.377
New Zealand,349.5,556.8,2009,-42.558,172.377
New Zealand,362.2,503.5,2007,-42.558,172.377
New Zealand,320,473.3,2006,-42.558,172.377
New Zealand,275.3,390.5,2005,-42.558,172.377
New Zealand,187.2,328,2004,-42.558,172.377
New Zealand,0,0,2003,-42.558,172.377
New Zealand,0,0,2002,-42.558,172.377
Netherlands,3896.6,1239.3,2018,52.1704,5.0102
Netherlands,4106,1033.8,2013,52.1704,5.0102
Netherlands,4037.8,1026.5,2017,52.1704,5.0102
Netherlands,3984.6,908.3,2014,52.1704,5.0102
Netherlands,4664.3,880.2,2012,52.1704,5.0102
Netherlands,5132.5,808.5,2011,52.1704,5.0102
Netherlands,3442.2,785.2,2015,52.1704,5.0102
Netherlands,1618.4,768.9,2002,52.1704,5.0102
Netherlands,3254.9,723.6,2016,52.1704,5.0102
Netherlands,3722.5,681.9,2010,52.1704,5.0102
Netherlands,1401.5,641.3,2003,52.1704,5.0102
Netherlands,1797.5,632.5,2004,52.1704,5.0102
Netherlands,3926.4,602.7,2008,52.1704,5.0102
Netherlands,2909.1,554.1,2009,52.1704,5.0102
Netherlands,2749.4,504,2007,52.1704,5.0102
Netherlands,2518.4,434.9,2006,52.1704,5.0102
Netherlands,2233.5,394.5,2005,52.1704,5.0102
Myanmar,615.7,160.4,2015,21.841,96.05
Myanmar,897.6,151.6,2018,21.841,96.05
Myanmar,827.5,145.7,2017,21.841,96.05
Myanmar,54.4,145.2,2002,21.841,96.05
Myanmar,566.9,122.1,2014,21.841,96.05
Myanmar,615.7,113.3,2016,21.841,96.05
Myanmar,556.4,73.2,2013,21.841,96.05
Myanmar,359.5,71.3,2011,21.841,96.05
Myanmar,45.7,66.2,2003,21.841,96.05
Myanmar,401.6,63.5,2012,21.841,96.05
Myanmar,137.7,56.7,2006,21.841,96.05
Myanmar,60.3,36.9,2004,21.841,96.05
Myanmar,284.2,31.9,2010,21.841,96.05
Myanmar,262.4,30.4,2007,21.841,96.05
Myanmar,78,30,2005,21.841,96.05
Myanmar,250.8,29.7,2008,21.841,96.05
Myanmar,174.8,29.1,2009,21.841,96.05
Mexico,649.9,568.4,2012,22.925,-101.68
Mexico,687.3,515.8,2013,22.925,-101.68
Mexico,658.4,412.7,2011,22.925,-101.68
Mexico,905.3,287.3,2018,22.925,-101.68
Mexico,986.6,219.6,2017,22.925,-101.68
Mexico,762.7,212.9,2010,22.925,-101.68
Mexico,824,197.6,2015,22.925,-101.68
Mexico,850.9,187.5,2014,22.925,-101.68
Mexico,815.1,177,2016,22.925,-101.68
Mexico,426.1,149.4,2008,22.925,-101.68
Mexico,384,139.8,2009,22.925,-101.68
Mexico,361,67.8,2007,22.925,-101.68
Mexico,318.1,31.4,2006,22.925,-101.68
Mexico,277.1,28.7,2005,22.925,-101.68
Mexico,279.4,16.4,2004,22.925,-101.68
Mexico,264.2,0,2002,22.925,-101.68
Mexico,238.1,0,2003,22.925,-101.68
Malaysia,10666.6,13322.5,2013,4.416,102.099
Malaysia,11278.3,12243.5,2012,4.416,102.099
Malaysia,9730,10855.4,2014,4.416,102.099
Malaysia,10995.8,10404.9,2011,4.416,102.099
Malaysia,6432.5,8922.3,2008,4.416,102.099
Malaysia,8441.1,8858.2,2017,4.416,102.099
Malaysia,9362.3,8648.7,2010,4.416,102.099
Malaysia,9271.6,8603,2018,4.416,102.099
Malaysia,7630.9,8530.7,2015,4.416,102.099
Malaysia,7069.5,7200.9,2016,4.416,102.099
Malaysia,5096.1,6411.9,2007,4.416,102.099
Malaysia,6811.8,5688.4,2009,4.416,102.099
Malaysia,4110.8,5587.3,2006,4.416,102.099
Malaysia,3431.3,4001.8,2005,4.416,102.099
Malaysia,3016,2964.7,2004,4.416,102.099
Malaysia,2029.9,2606.7,2002,4.416,102.099
Malaysia,2363.9,2521,2003,4.416,102.099
Lao Peoples Dem. Rep,4.6,51.3,2014,19.595,102.538
Lao Peoples Dem. Rep,7.3,25.7,2018,19.595,102.538
Lao Peoples Dem. Rep,0.5,12.3,2003,19.595,102.538
Lao Peoples Dem. Rep,4.2,11.9,2017,19.595,102.538
Lao Peoples Dem. Rep,5.8,7.6,2013,19.595,102.538
Lao Peoples Dem. Rep,5.9,4.2,2016,19.595,102.538
Lao Peoples Dem. Rep,23.8,3.3,2012,19.595,102.538
Lao Peoples Dem. Rep,3.7,2.9,2007,19.595,102.538
Lao Peoples Dem. Rep,8.6,1.3,2011,19.595,102.538
Lao Peoples Dem. Rep,7.7,0.8,2015,19.595,102.538
Lao Peoples Dem. Rep,5.5,0.6,2010,19.595,102.538
Lao Peoples Dem. Rep,4.7,0.4,2009,19.595,102.538
Lao Peoples Dem. Rep,0.7,0.3,2002,19.595,102.538
Lao Peoples Dem. Rep,4,0.2,2008,19.595,102.538
Lao Peoples Dem. Rep,4.3,0,2006,19.595,102.538
Lao Peoples Dem. Rep,1.8,0,2005,19.595,102.538
Lao Peoples Dem. Rep,1.6,0,2004,19.595,102.538
"Korea, Republic of",22941,12999.7,2011,36.338,128.16
"Korea, Republic of",21659.5,11970.4,2012,36.338,128.16
"Korea, Republic of",17605.9,11847.4,2014,36.338,128.16
"Korea, Republic of",22601.5,11592.6,2013,36.338,128.16
"Korea, Republic of",27132.2,9088.9,2018,36.338,128.16
"Korea, Republic of",15046.4,8427.2,2015,36.338,128.16
"Korea, Republic of",23083.1,8122.3,2017,36.338,128.16
"Korea, Republic of",15692.6,7703,2010,36.338,128.16
"Korea, Republic of",11636.5,6920.1,2008,36.338,128.16
"Korea, Republic of",16790.8,6674.6,2016,36.338,128.16
"Korea, Republic of",11499.3,4742.3,2009,36.338,128.16
"Korea, Republic of",6662.4,3552.8,2005,36.338,128.16
"Korea, Republic of",9675.5,3196.7,2007,36.338,128.16
"Korea, Republic of",8343.6,3071.4,2006,36.338,128.16
"Korea, Republic of",4604.7,1614.4,2004,36.338,128.16
"Korea, Republic of",3802.5,0,2003,36.338,128.16
"Korea, Republic of",2902.9,0,2002,36.338,128.16
Japan,30135.1,22767.8,2012,35.962,137.855
Japan,33714.7,19436.6,2011,35.962,137.855
Japan,27086.3,19284.3,2013,35.962,137.855
Japan,19465.6,17976.7,2018,35.962,137.855
Japan,23117.5,17007.6,2014,35.962,137.855
Japan,25781.8,16965.8,2010,35.962,137.855
Japan,17798.8,15240,2017,35.962,137.855
Japan,27743.9,15128,2008,35.962,137.855
Japan,18020.9,13263.5,2015,35.962,137.855
Japan,16098.6,12984.8,2016,35.962,137.855
Japan,18574.7,9843.7,2009,35.962,137.855
Japan,23632.8,6526.7,2007,35.962,137.855
Japan,12045.1,2798.2,2002,35.962,137.855
Japan,18049.1,2661.4,2005,35.962,137.855
Japan,15962.1,2653.9,2004,35.962,137.855
Japan,13603.5,2272.6,2003,35.962,137.855
Japan,21732.1,2206.9,2006,35.962,137.855
Italy,1920.9,1840.3,2018,44.3713,11.1084
Italy,2286.9,1722.9,2014,44.3713,11.1084
Italy,2128.6,1695.6,2013,44.3713,11.1084
Italy,1932.6,1570.3,2017,44.3713,11.1084
Italy,2277,1523.8,2012,44.3713,11.1084
Italy,1572.1,1387.2,2016,44.3713,11.1084
Italy,1872.9,1368.2,2015,44.3713,11.1084
Italy,3168.3,1222.8,2011,44.3713,11.1084
Italy,1900.7,999.3,2008,44.3713,11.1084
Italy,2370,909.7,2010,44.3713,11.1084
Italy,1651.1,726.1,2009,44.3713,11.1084
Italy,1380,667.5,2007,44.3713,11.1084
Italy,922.6,216,2004,44.3713,11.1084
Italy,1213,202.4,2006,44.3713,11.1084
Italy,719.8,196.5,2002,44.3713,11.1084
Italy,843.9,170.2,2003,44.3713,11.1084
Italy,1007.2,159.8,2005,44.3713,11.1084
Germany,2883.4,4426.3,2013,51.3819,9.9877
Germany,3075,4188.6,2012,51.3819,9.9877
Germany,2821.6,4091.2,2014,51.3819,9.9877
Germany,2708.2,3973,2018,51.3819,9.9877
Germany,2668.2,3538.1,2017,51.3819,9.9877
Germany,2664.2,3471.7,2015,51.3819,9.9877
Germany,3304.7,3393.8,2011,51.3819,9.9877
Germany,2638.7,3159.5,2016,51.3819,9.9877
Germany,2465.2,3068.8,2008,51.3819,9.9877
Germany,2984.7,3006.7,2010,51.3819,9.9877
Germany,2326.7,2373.5,2009,51.3819,9.9877
Germany,2316,1982,2007,51.3819,9.9877
Germany,2025.7,919.3,2006,51.3819,9.9877
Germany,1654.6,775.7,2004,51.3819,9.9877
Germany,1269.9,758.5,2002,51.3819,9.9877
Germany,1781.6,704.6,2005,51.3819,9.9877
Germany,1416.8,600.3,2003,51.3819,9.9877
France,1284.6,2004.6,2011,46.656,2.543
France,1128.2,1924.2,2012,46.656,2.543
France,938.5,1689.7,2008,46.656,2.543
France,1006.8,1655.3,2018,46.656,2.543
France,870.2,1633.1,2009,46.656,2.543
France,1062.7,1590.7,2013,46.656,2.543
France,975.9,1585.4,2017,46.656,2.543
France,802.9,1443.7,2007,46.656,2.543
France,872.7,1362,2016,46.656,2.543
France,1122.8,1340.5,2010,46.656,2.543
France,973,1336.9,2015,46.656,2.543
France,1019.3,1332.5,2014,46.656,2.543
France,624,336,2005,46.656,2.543
France,648.9,312,2002,46.656,2.543
France,724.4,295.5,2006,46.656,2.543
France,659.8,256.4,2004,46.656,2.543
France,652.8,203.9,2003,46.656,2.543
Finland,111.4,668.4,2014,62.716,26.192
Finland,85.1,663.3,2018,62.716,26.192
Finland,88.4,609.5,2017,62.716,26.192
Finland,84.9,534.1,2015,62.716,26.192
Finland,219,500.1,2011,62.716,26.192
Finland,197.8,448.8,2012,62.716,26.192
Finland,149.1,442.5,2013,62.716,26.192
Finland,108.4,359.7,2008,62.716,26.192
Finland,122.7,358.7,2010,62.716,26.192
Finland,83.9,338.6,2016,62.716,26.192
Finland,121.3,326.9,2007,62.716,26.192
Finland,61.2,227,2009,62.716,26.192
Finland,183.5,78,2005,62.716,26.192
Finland,148.3,75.2,2004,62.716,26.192
Finland,176.6,67.6,2006,62.716,26.192
Finland,145.1,38.5,2002,62.716,26.192
Finland,132.1,25.7,2003,62.716,26.192
Denmark,201.3,202.5,2018,56.113,9.096
Denmark,207,201.3,2015,56.113,9.096
Denmark,224.5,199.3,2013,56.113,9.096
Denmark,250.2,176.2,2011,56.113,9.096
Denmark,229.4,173.5,2012,56.113,9.096
Denmark,180.2,168.4,2010,56.113,9.096
Denmark,226.6,168,2014,56.113,9.096
Denmark,192.9,167.5,2017,56.113,9.096
Denmark,187.6,156.6,2016,56.113,9.096
Denmark,168.8,116.6,2009,56.113,9.096
Denmark,170.9,102.6,2008,56.113,9.096
Denmark,140.8,101.3,2007,56.113,9.096
Denmark,142.8,59.4,2006,56.113,9.096
Denmark,127.2,36.7,2005,56.113,9.096
Denmark,102.5,25.6,2002,56.113,9.096
Denmark,112.2,19.1,2004,56.113,9.096
Denmark,95.8,15.4,2003,56.113,9.096
China,9540.1,45537.8,2018,35.1753,99.3877
China,8200.3,35766.8,2017,35.1753,99.3877
China,7008.9,30800.5,2016,35.1753,99.3877
China,10601.1,30624.3,2014,35.1753,99.3877
China,11422.5,29849.5,2013,35.1753,99.3877
China,7664.4,29410.9,2015,35.1753,99.3877
China,15049.9,29385.8,2012,35.1753,99.3877
China,16388.8,26212.2,2011,35.1753,99.3877
China,12574.6,20424.2,2010,35.1753,99.3877
China,9116.8,15247.2,2008,35.1753,99.3877
China,8145.2,14002.2,2009,35.1753,99.3877
China,7085.6,8904.6,2005,35.1753,99.3877
China,7693.5,8794.8,2006,35.1753,99.3877
China,7582.7,8557.9,2007,35.1753,99.3877
China,4830.2,7638.4,2004,35.1753,99.3877
China,4323.8,7240.2,2003,35.1753,99.3877
China,4107.2,6326.6,2002,35.1753,99.3877
Canada,464.3,2175,2005,59.2067,-111.1937
Canada,782.3,2067.4,2013,59.2067,-111.1937
Canada,960.3,2015.8,2011,59.2067,-111.1937
Canada,551,1924.4,2006,59.2067,-111.1937
Canada,645.4,1871.5,2008,59.2067,-111.1937
Canada,755,1860.2,2014,59.2067,-111.1937
Canada,913.9,1840.8,2018,59.2067,-111.1937
Canada,792.4,1810.8,2012,59.2067,-111.1937
Canada,436.5,1793.9,2004,59.2067,-111.1937
Canada,722.3,1609.3,2015,59.2067,-111.1937
Canada,821.2,1553.6,2017,59.2067,-111.1937
Canada,378,1383.3,2002,59.2067,-111.1937
Canada,732.4,1383,2016,59.2067,-111.1937
Canada,731.9,1108.4,2010,59.2067,-111.1937
Canada,382.1,1067.8,2003,59.2067,-111.1937
Canada,550.6,1055.6,2007,59.2067,-111.1937
Canada,512.5,992.5,2009,59.2067,-111.1937
Cambodia,525.6,33,2018,12.69,104.444
Cambodia,513.9,28.3,2017,12.69,104.444
Cambodia,426.9,25.3,2016,12.69,104.444
Cambodia,429.7,21.1,2015,12.69,104.444
Cambodia,415.8,18.7,2014,12.69,104.444
Cambodia,312.4,17.8,2013,12.69,104.444
Cambodia,292.2,11.6,2012,12.69,104.444
Cambodia,259.5,7.9,2011,12.69,104.444
Cambodia,79.9,5.8,2003,12.69,104.444
Cambodia,217.7,4.7,2010,12.69,104.444
Cambodia,71.8,3.8,2004,12.69,104.444
Cambodia,201.2,3.4,2009,12.69,104.444
Cambodia,103.6,3.1,2006,12.69,104.444
Cambodia,93.9,2.5,2005,12.69,104.444
Cambodia,174,2,2008,12.69,104.444
Cambodia,121.8,1.3,2007,12.69,104.444
Cambodia,68.8,1.3,2002,12.69,104.444
Brunei Darussalam,37.6,2930.5,2006,4.452,114.557
Brunei Darussalam,39.3,2629,2005,4.452,114.557
Brunei Darussalam,59.7,2416.6,2008,4.452,114.557
Brunei Darussalam,43.4,1864.7,2007,4.452,114.557
Brunei Darussalam,81.7,1018.4,2011,4.452,114.557
Brunei Darussalam,31.8,814,2004,4.452,114.557
Brunei Darussalam,61,666.2,2010,4.452,114.557
Brunei Darussalam,122.7,645.4,2013,4.452,114.557
Brunei Darussalam,74.9,639.6,2009,4.452,114.557
Brunei Darussalam,100.3,594.3,2014,4.452,114.557
Brunei Darussalam,30.4,498,2003,4.452,114.557
Brunei Darussalam,81.8,419.8,2012,4.452,114.557
Brunei Darussalam,32.1,184.9,2002,4.452,114.557
Brunei Darussalam,91.2,131.4,2015,4.452,114.557
Brunei Darussalam,88.7,87.7,2016,4.452,114.557
Brunei Darussalam,64.5,42.5,2017,4.452,114.557
Brunei Darussalam,61.2,20.1,2018,4.452,114.557
Belgium,1259.3,642.5,2013,50.6745,4.4588
Belgium,1241.3,637.5,2017,50.6745,4.4588
Belgium,1297.7,628.1,2012,50.6745,4.4588
Belgium,1351,620.2,2008,50.6745,4.4588
Belgium,1261.2,603.4,2018,50.6745,4.4588
Belgium,1374.7,593.6,2011,50.6745,4.4588
Belgium,1217.3,585.5,2014,50.6745,4.4588
Belgium,1113.3,559.4,2015,50.6745,4.4588
Belgium,1190.1,555.4,2010,50.6745,4.4588
Belgium,1125.7,491.1,2016,50.6745,4.4588
Belgium,1048.3,434.3,2009,50.6745,4.4588
Belgium,782.8,431,2002,50.6745,4.4588
Belgium,997.3,420.3,2005,50.6745,4.4588
Belgium,1136.3,376.3,2006,50.6745,4.4588
Belgium,915.6,372.3,2004,50.6745,4.4588
Belgium,902.9,351.4,2003,50.6745,4.4588
Belgium,1332.2,338.4,2007,50.6745,4.4588
Australia,1887.4,8021.7,2004,-24.578,133.582
Australia,2771.3,7525.3,2006,-24.578,133.582
Australia,2227.6,6986.9,2005,-24.578,133.582
Australia,2524.4,6008.9,2017,-24.578,133.582
Australia,2819.6,5825.5,2018,-24.578,133.582
Australia,4948.4,5647.5,2014,-24.578,133.582
Australia,1924.4,5491.3,2002,-24.578,133.582
Australia,1791.6,5313.4,2003,-24.578,133.582
Australia,4905.4,5297.6,2012,-24.578,133.582
Australia,3208.9,5260.9,2016,-24.578,133.582
Australia,5582.5,5177.1,2011,-24.578,133.582
Australia,4370.5,5038.2,2013,-24.578,133.582
Australia,3702.3,4815.8,2015,-24.578,133.582
Australia,4244.4,4099,2010,-24.578,133.582
Australia,4111,3997.5,2008,-24.578,133.582
Australia,3264.2,3436,2009,-24.578,133.582
Australia,3394.6,3004,2007,-24.578,133.582
AFRICA,0,7611.8,2002,8.7832,34.5085
AFRICA,1359.4,7170.9,2004,8.7832,34.5085
AFRICA,4782.1,6359.6,2018,8.7832,34.5085
AFRICA,0,6324.7,2003,8.7832,34.5085
AFRICA,5713.7,5703.4,2012,8.7832,34.5085
AFRICA,5615.5,5549.6,2013,8.7832,34.5085
AFRICA,6262.3,5464.1,2014,8.7832,34.5085
AFRICA,4887.8,4184.1,2017,8.7832,34.5085
AFRICA,5675.3,4029.9,2011,8.7832,34.5085
AFRICA,1669,3984.9,2005,8.7832,34.5085
AFRICA,4759.5,3739.2,2015,8.7832,34.5085
AFRICA,4186.3,3525,2016,8.7832,34.5085
AFRICA,1985.6,3182.3,2006,8.7832,34.5085
AFRICA,3657,2455.4,2010,8.7832,34.5085
AFRICA,2541.9,2314.2,2007,8.7832,34.5085
AFRICA,3333.3,2241.9,2008,8.7832,34.5085
AFRICA,2802.9,2047.4,2009,8.7832,34.5085
