﻿MajorPorts,Province,Year,Latitude,Longitude,Values
Waingapu,NTT,2018,-9.63969,120.25055,0
Ujung Pandang,Sulawesi Selatan,2018,5.133333333,119.4,185.4
Tuban,Jawa Timur,2018,-6.786842,111.8976,1360.6
Ternate,Maluku Utara,2018,0.78066,127.38809,55.5
Tenau,NTT,2018,-10.1718,123.6075,0.2
Teluk Kasim/Salawati,Papua Barat,2018,1.3,131.0166667,0
Tanjung Santan,Kalimantan Timur,2018,8.733333333,109,0
Tanjung Sangata,Kalimantan Timur,2018,0.366666667,117.5666667,367.8
Tanjung Priok,DKI Jakarta,2018,-6.10492,106.87615,15485
Tanjung Pinang,Kepulauan Riau,2018,0.92914,104.45295,5.1
Tanjung Perak,Jawa Timur,2018,7.216666667,112.7333333,8917.4
Tanjung Emas,Jawa Tengah,2018,6.883333333,110.4,2429.6
Sorong,Papua Barat,2018,-0.87802,131.24612,0
Soekarno Hatta 1,DKI Jakarta,2018,5.1225,119.4078,131.6
Senipah,Kalimantan Timur,2018,0.95,117.1666667,98.3
Sekupang,Kepulauan Riau,2018,1.133333333,103.9166667,303.3
Samarinda,Kalimantan Timur,2018,-0.50507,117.15071,86882.2
Pulau Sambu,Kepulauan Riau,2018,1.166666667,103.9,10.7
Pontianak,Kalimantan Barat,2018,-0.01847,109.33552,5437.4
Pomalaa,Sulawesi Tenggara,2018,-4.23145,121.57935,5457.1
Pantoloan,Sulawesi Tengah,2018,-0.69477,119.84041,778.3
Panjang,Lampung,2018,5.466666667,105.3166667,3887.1
Pangkalan Susu,Sumatera Utara,2018,4.116666667,98.21666667,0.1
Palembang0Plaju,Sumatera Selatan,2018,2.984722222,104.8347222,837.5
Palembang (Kertapati),Sumatera Selatan,2018,-2.178201,104.952,2783.8
Pakanbaru/Rumbai,Riau,2018,0.5566,101.4507,119.1
Padang/Teluk Bayur,Sumatera Barat,2018,-8.53394,115.5086,4913.7
Ngurah Rai 1,Bali,2018,-8.75,115.1667,17.4
Musi River/Boom Baru,Sumatera Selatan,2018,2.981111111,104.7816667,17698.8
Merak,Banten,2018,5.95,106,2736.3
Mamuju,Sulawesi Barat,2018,-2.66758,118.8942,0
Malili,Sulawesi Selatan,2018,-2.66317,120.98228,30
Lingkas Tarakan,Kalimantan Timur,2018,3.283333333,117.6,10588.8
Kupang,NTT,2018,-10.15375,123.59051,0
Kotabaru,Kalimantan Selatan,2018,3.233333333,116.2166667,11208.6
Kolaka,Sulawesi Tenggara,2018,4.0581,121.5851,0
Kabil/Panau,Kepulauan Riau,2018,1.352016667,104.1581722,2008.5
Hasanuddin 1,Sulawesi Selatan,2018,-5.14,119.4221,0.9
Dumai,Riau,2018,1.6861,101.44849,22612.8
Cirebon,Jawa Barat,2018,-6.70907,108.57073,0
Cilacap,Jawa Tengah,2018,-7.74913,109.01491,827.4
Cigading,Banten,2018,6.016666667,105.95,1722
Bontang,Kalimantan Timur,2018,0.08553,117.48763,22243.3
Blang Lancang (Arun),Aceh,2018,5.233333333,97.1,5.5
"Bituni, Papua",Papua Barat,2018,,,6567.5
Bitung,Sulawesi Utara,2018,1.4389,125.19403,794
Bima,NTB,2018,-8.44602,118.71591,30.2
Benoa/Loloan,Bali,2018,-8.74329,115.20943,1.4
Belawan,Sumatera Utara,2018,3.79246,98.71623,8064.3
Batu Ampar,Kepulauan Riau,2018,1.169719444,104.02,897.4
Banjarmasin,Kalimantan Selatan,2018,-3.33321,114.5551,77067.6
Balongan,Jawa Barat,2018,6.360561111,108.3902806,509.2
Balikpapan,Kalimantan Timur,2018,-1.25527,116.81594,19009.8
Bade Irian Jaya,Papua,2018,7.1687,139.5937,62.4
Atapupu,NTT,2018,8.9964,124.8617,69
Arjuna,Jawa Barat,2018,7.816666667,112.5666667,0
Ambon,Maluku,2018,-3.6941,128.17627,0
Amamapare,Papua,2018,-4.82653,136.84068,1307
Waingapu,NTT,2017,-9.63969,120.25055,0
Ujung Pandang,Sulawesi Selatan,2017,5.133333333,119.4,311.4
Tuban,Jawa Timur,2017,-6.786842,111.8976,2011.7
Ternate,Maluku Utara,2017,0.78066,127.38809,165.6
Tenau,NTT,2017,-10.1718,123.6075,4
Teluk Kasim/Salawati,Papua Barat,2017,1.3,131.0166667,0
Tanjung Santan,Kalimantan Timur,2017,8.733333333,109,0
Tanjung Sangata,Kalimantan Timur,2017,0.366666667,117.5666667,761.3
Tanjung Priok,DKI Jakarta,2017,-6.10492,106.87615,14393.6
Tanjung Pinang,Kepulauan Riau,2017,0.92914,104.45295,1.2
Tanjung Perak,Jawa Timur,2017,7.216666667,112.7333333,8279.8
Tanjung Emas,Jawa Tengah,2017,6.883333333,110.4,2285.8
Sorong,Papua Barat,2017,-0.87802,131.24612,42.4
Soekarno Hatta 1,DKI Jakarta,2017,5.1225,119.4078,136.3
Senipah,Kalimantan Timur,2017,0.95,117.1666667,881.3
Sekupang,Kepulauan Riau,2017,1.133333333,103.9166667,511
Samarinda,Kalimantan Timur,2017,-0.50507,117.15071,82563.2
Pulau Sambu,Kepulauan Riau,2017,1.166666667,103.9,6.7
Pontianak,Kalimantan Barat,2017,-0.01847,109.33552,1740.4
Pomalaa,Sulawesi Tenggara,2017,-4.23145,121.57935,2259.6
Pantoloan,Sulawesi Tengah,2017,-0.69477,119.84041,609.5
Panjang,Lampung,2017,5.466666667,105.3166667,3498.6
Pangkalan Susu,Sumatera Utara,2017,4.116666667,98.21666667,0
Palembang0Plaju,Sumatera Selatan,2017,2.984722222,104.8347222,707.3
Palembang (Kertapati),Sumatera Selatan,2017,-2.178201,104.952,6266.1
Pakanbaru/Rumbai,Riau,2017,0.5566,101.4507,86.8
Padang/Teluk Bayur,Sumatera Barat,2017,-8.53394,115.5086,4723.9
Ngurah Rai 1,Bali,2017,-8.75,115.1667,13.3
Musi River/Boom Baru,Sumatera Selatan,2017,2.981111111,104.7816667,7753.3
Merak,Banten,2017,5.95,106,1502.2
Mamuju,Sulawesi Barat,2017,-2.66758,118.8942,2.3
Malili,Sulawesi Selatan,2017,-2.66317,120.98228,3.9
Lingkas Tarakan,Kalimantan Timur,2017,3.283333333,117.6,9830
Kupang,NTT,2017,-10.15375,123.59051,0
Kotabaru,Kalimantan Selatan,2017,3.233333333,116.2166667,8163.5
Kolaka,Sulawesi Tenggara,2017,4.0581,121.5851,0
Kabil/Panau,Kepulauan Riau,2017,1.352016667,104.1581722,2014.6
Hasanuddin 1,Sulawesi Selatan,2017,-5.14,119.4221,2.7
Dumai,Riau,2017,1.6861,101.44849,22332.8
Cirebon,Jawa Barat,2017,-6.70907,108.57073,0
Cilacap,Jawa Tengah,2017,-7.74913,109.01491,1088.4
Cigading,Banten,2017,6.016666667,105.95,1690.6
Bontang,Kalimantan Timur,2017,0.08553,117.48763,23080.5
Blang Lancang (Arun),Aceh,2017,5.233333333,97.1,0
"Bituni, Papua",Papua Barat,2017,,,5941.2
Bitung,Sulawesi Utara,2017,1.4389,125.19403,674.3
Bima,NTB,2017,-8.44602,118.71591,0
Benoa/Loloan,Bali,2017,-8.74329,115.20943,0.2
Belawan,Sumatera Utara,2017,3.79246,98.71623,7512.7
Batu Ampar,Kepulauan Riau,2017,1.169719444,104.02,812.6
Banjarmasin,Kalimantan Selatan,2017,-3.33321,114.5551,71723.1
Balongan,Jawa Barat,2017,6.360561111,108.3902806,567.6
Balikpapan,Kalimantan Timur,2017,-1.25527,116.81594,14496.3
Bade Irian Jaya,Papua,2017,7.1687,139.5937,56.9
Atapupu,NTT,2017,8.9964,124.8617,89.6
Arjuna,Jawa Barat,2017,7.816666667,112.5666667,0
Ambon,Maluku,2017,-3.6941,128.17627,0.8
Amamapare,Papua,2017,-4.82653,136.84068,956.8
Waingapu,NTT,2016,-9.63969,120.25055,0
Ujung Pandang,Sulawesi Selatan,2016,5.133333333,119.4,454.1
Tuban,Jawa Timur,2016,-6.786842,111.8976,2448.9
Ternate,Maluku Utara,2016,0.78066,127.38809,0
Tenau,NTT,2016,-10.1718,123.6075,21.1
Teluk Kasim/Salawati,Papua Barat,2016,1.3,131.0166667,0
Tanjung Santan,Kalimantan Timur,2016,8.733333333,109,0
Tanjung Sangata,Kalimantan Timur,2016,0.366666667,117.5666667,652.9
Tanjung Priok,DKI Jakarta,2016,-6.10492,106.87615,12557.9
Tanjung Pinang,Kepulauan Riau,2016,0.92914,104.45295,1.8
Tanjung Perak,Jawa Timur,2016,7.216666667,112.7333333,7794.3
Tanjung Emas,Jawa Tengah,2016,6.883333333,110.4,2265.2
Sorong,Papua Barat,2016,-0.87802,131.24612,175.4
Soekarno Hatta 1,DKI Jakarta,2016,5.1225,119.4078,120.1
Senipah,Kalimantan Timur,2016,0.95,117.1666667,1308.4
Sekupang,Kepulauan Riau,2016,1.133333333,103.9166667,292.1
Samarinda,Kalimantan Timur,2016,-0.50507,117.15071,81494.2
Pulau Sambu,Kepulauan Riau,2016,1.166666667,103.9,6.8
Pontianak,Kalimantan Barat,2016,-0.01847,109.33552,612.4
Pomalaa,Sulawesi Tenggara,2016,-4.23145,121.57935,52.2
Pantoloan,Sulawesi Tengah,2016,-0.69477,119.84041,576.9
Panjang,Lampung,2016,5.466666667,105.3166667,2550
Pangkalan Susu,Sumatera Utara,2016,4.116666667,98.21666667,0
Palembang0Plaju,Sumatera Selatan,2016,2.984722222,104.8347222,389.3
Palembang (Kertapati),Sumatera Selatan,2016,-2.178201,104.952,4028.6
Pakanbaru/Rumbai,Riau,2016,0.5566,101.4507,57.9
Padang/Teluk Bayur,Sumatera Barat,2016,-8.53394,115.5086,3643.2
Ngurah Rai 1,Bali,2016,-8.75,115.1667,15.4
Musi River/Boom Baru,Sumatera Selatan,2016,2.981111111,104.7816667,3330.8
Merak,Banten,2016,5.95,106,698.3
Mamuju,Sulawesi Barat,2016,-2.66758,118.8942,0
Malili,Sulawesi Selatan,2016,-2.66317,120.98228,0
Lingkas Tarakan,Kalimantan Timur,2016,3.283333333,117.6,11119.4
Kupang,NTT,2016,-10.15375,123.59051,0
Kotabaru,Kalimantan Selatan,2016,3.233333333,116.2166667,11411
Kolaka,Sulawesi Tenggara,2016,4.0581,121.5851,0
Kabil/Panau,Kepulauan Riau,2016,1.352016667,104.1581722,1428.9
Hasanuddin 1,Sulawesi Selatan,2016,-5.14,119.4221,6.5
Dumai,Riau,2016,1.6861,101.44849,21364.4
Cirebon,Jawa Barat,2016,-6.70907,108.57073,0
Cilacap,Jawa Tengah,2016,-7.74913,109.01491,1072.6
Cigading,Banten,2016,6.016666667,105.95,1124.5
Bontang,Kalimantan Timur,2016,0.08553,117.48763,26356.3
Blang Lancang (Arun),Aceh,2016,5.233333333,97.1,0
"Bituni, Papua",Papua Barat,2016,,,6190.6
Bitung,Sulawesi Utara,2016,1.4389,125.19403,777.6
Bima,NTB,2016,-8.44602,118.71591,0
Benoa/Loloan,Bali,2016,-8.74329,115.20943,1.3
Belawan,Sumatera Utara,2016,3.79246,98.71623,6776.6
Batu Ampar,Kepulauan Riau,2016,1.169719444,104.02,800
Banjarmasin,Kalimantan Selatan,2016,-3.33321,114.5551,68512.5
Balongan,Jawa Barat,2016,6.360561111,108.3902806,495.4
Balikpapan,Kalimantan Timur,2016,-1.25527,116.81594,14192.9
Bade Irian Jaya,Papua,2016,7.1687,139.5937,55.6
Atapupu,NTT,2016,8.9964,124.8617,86.1
Arjuna,Jawa Barat,2016,7.816666667,112.5666667,330
Ambon,Maluku,2016,-3.6941,128.17627,1
Amamapare,Papua,2016,-4.82653,136.84068,1114.4
Waingapu,NTT,2015,-9.63969,120.25055,0
Ujung Pandang,Sulawesi Selatan,2015,5.133333333,119.4,540.9
Tuban,Jawa Timur,2015,-6.786842,111.8976,953.2
Ternate,Maluku Utara,2015,0.78066,127.38809,0
Tenau,NTT,2015,-10.1718,123.6075,9.2
Teluk Kasim/Salawati,Papua Barat,2015,1.3,131.0166667,0
Tanjung Santan,Kalimantan Timur,2015,8.733333333,109,0
Tanjung Sangata,Kalimantan Timur,2015,0.366666667,117.5666667,791.9
Tanjung Priok,DKI Jakarta,2015,-6.10492,106.87615,12668.6
Tanjung Pinang,Kepulauan Riau,2015,0.92914,104.45295,3
Tanjung Perak,Jawa Timur,2015,7.216666667,112.7333333,7554.5
Tanjung Emas,Jawa Tengah,2015,6.883333333,110.4,2406.2
Sorong,Papua Barat,2015,-0.87802,131.24612,186.5
Soekarno Hatta 1,DKI Jakarta,2015,5.1225,119.4078,121.2
Senipah,Kalimantan Timur,2015,0.95,117.1666667,1094.8
Sekupang,Kepulauan Riau,2015,1.133333333,103.9166667,351
Samarinda,Kalimantan Timur,2015,-0.50507,117.15071,78798.3
Pulau Sambu,Kepulauan Riau,2015,1.166666667,103.9,7
Pontianak,Kalimantan Barat,2015,-0.01847,109.33552,553.3
Pomalaa,Sulawesi Tenggara,2015,-4.23145,121.57935,43.7
Pantoloan,Sulawesi Tengah,2015,-0.69477,119.84041,592
Panjang,Lampung,2015,5.466666667,105.3166667,3044.8
Pangkalan Susu,Sumatera Utara,2015,4.116666667,98.21666667,0
Palembang0Plaju,Sumatera Selatan,2015,2.984722222,104.8347222,810.5
Palembang (Kertapati),Sumatera Selatan,2015,-2.178201,104.952,3744.4
Pakanbaru/Rumbai,Riau,2015,0.5566,101.4507,7.3
Padang/Teluk Bayur,Sumatera Barat,2015,-8.53394,115.5086,3743.2
Ngurah Rai 1,Bali,2015,-8.75,115.1667,13.4
Musi River/Boom Baru,Sumatera Selatan,2015,2.981111111,104.7816667,3423.2
Merak,Banten,2015,5.95,106,568
Mamuju,Sulawesi Barat,2015,-2.66758,118.8942,0
Malili,Sulawesi Selatan,2015,-2.66317,120.98228,0
Lingkas Tarakan,Kalimantan Timur,2015,3.283333333,117.6,16041
Kupang,NTT,2015,-10.15375,123.59051,0
Kotabaru,Kalimantan Selatan,2015,3.233333333,116.2166667,6006
Kolaka,Sulawesi Tenggara,2015,4.0581,121.5851,0
Kabil/Panau,Kepulauan Riau,2015,1.352016667,104.1581722,2251.4
Hasanuddin 1,Sulawesi Selatan,2015,-5.14,119.4221,5.2
Dumai,Riau,2015,1.6861,101.44849,22256.8
Cirebon,Jawa Barat,2015,-6.70907,108.57073,0
Cilacap,Jawa Tengah,2015,-7.74913,109.01491,732.4
Cigading,Banten,2015,6.016666667,105.95,853.2
Bontang,Kalimantan Timur,2015,0.08553,117.48763,26866.2
Blang Lancang (Arun),Aceh,2015,5.233333333,97.1,83.8
"Bituni, Papua",Papua Barat,2015,,,6608.6
Bitung,Sulawesi Utara,2015,1.4389,125.19403,892
Bima,NTB,2015,-8.44602,118.71591,0
Benoa/Loloan,Bali,2015,-8.74329,115.20943,0.6
Belawan,Sumatera Utara,2015,3.79246,98.71623,7210.1
Batu Ampar,Kepulauan Riau,2015,1.169719444,104.02,628.8
Banjarmasin,Kalimantan Selatan,2015,-3.33321,114.5551,70514.4
Balongan,Jawa Barat,2015,6.360561111,108.3902806,577.4
Balikpapan,Kalimantan Timur,2015,-1.25527,116.81594,14724.9
Bade Irian Jaya,Papua,2015,7.1687,139.5937,74
Atapupu,NTT,2015,8.9964,124.8617,76
Arjuna,Jawa Barat,2015,7.816666667,112.5666667,469.9
Ambon,Maluku,2015,-3.6941,128.17627,2.2
Amamapare,Papua,2015,-4.82653,136.84068,1015.3
Waingapu,NTT,2014,-9.63969,120.25055,0
Ujung Pandang,Sulawesi Selatan,2014,5.133333333,119.4,544
Tuban,Jawa Timur,2014,-6.786842,111.8976,515.2
Ternate,Maluku Utara,2014,0.78066,127.38809,398.2
Tenau,NTT,2014,-10.1718,123.6075,5.8
Teluk Kasim/Salawati,Papua Barat,2014,1.3,131.0166667,0
Tanjung Santan,Kalimantan Timur,2014,8.733333333,109,657.1
Tanjung Sangata,Kalimantan Timur,2014,0.366666667,117.5666667,44506.4
Tanjung Priok,DKI Jakarta,2014,-6.10492,106.87615,12578.4
Tanjung Pinang,Kepulauan Riau,2014,0.92914,104.45295,146.8
Tanjung Perak,Jawa Timur,2014,7.216666667,112.7333333,7882.3
Tanjung Emas,Jawa Tengah,2014,6.883333333,110.4,2384.4
Sorong,Papua Barat,2014,-0.87802,131.24612,314.6
Soekarno Hatta 1,DKI Jakarta,2014,5.1225,119.4078,125.9
Senipah,Kalimantan Timur,2014,0.95,117.1666667,1137
Sekupang,Kepulauan Riau,2014,1.133333333,103.9166667,351.3
Samarinda,Kalimantan Timur,2014,-0.50507,117.15071,83295.8
Pulau Sambu,Kepulauan Riau,2014,1.166666667,103.9,251.3
Pontianak,Kalimantan Barat,2014,-0.01847,109.33552,719.4
Pomalaa,Sulawesi Tenggara,2014,-4.23145,121.57935,76.8
Pantoloan,Sulawesi Tengah,2014,-0.69477,119.84041,169.5
Panjang,Lampung,2014,5.466666667,105.3166667,9488.8
Pangkalan Susu,Sumatera Utara,2014,4.116666667,98.21666667,0
Palembang0Plaju,Sumatera Selatan,2014,2.984722222,104.8347222,909.5
Palembang (Kertapati),Sumatera Selatan,2014,-2.178201,104.952,2186.6
Pakanbaru/Rumbai,Riau,2014,0.5566,101.4507,6.8
Padang/Teluk Bayur,Sumatera Barat,2014,-8.53394,115.5086,3993.6
Ngurah Rai 1,Bali,2014,-8.75,115.1667,15.4
Musi River/Boom Baru,Sumatera Selatan,2014,2.981111111,104.7816667,4729.8
Merak,Banten,2014,5.95,106,756.4
Mamuju,Sulawesi Barat,2014,-2.66758,118.8942,192.8
Malili,Sulawesi Selatan,2014,-2.66317,120.98228,99.4
Lingkas Tarakan,Kalimantan Timur,2014,3.283333333,117.6,11681.4
Kupang,NTT,2014,-10.15375,123.59051,0
Kotabaru,Kalimantan Selatan,2014,3.233333333,116.2166667,69341.5
Kolaka,Sulawesi Tenggara,2014,4.0581,121.5851,326.3
Kabil/Panau,Kepulauan Riau,2014,1.352016667,104.1581722,1895.9
Hasanuddin 1,Sulawesi Selatan,2014,-5.14,119.4221,5.2
Dumai,Riau,2014,1.6861,101.44849,19366.9
Cirebon,Jawa Barat,2014,-6.70907,108.57073,0.9
Cilacap,Jawa Tengah,2014,-7.74913,109.01491,897.4
Cigading,Banten,2014,6.016666667,105.95,862
Bontang,Kalimantan Timur,2014,0.08553,117.48763,27720.9
Blang Lancang (Arun),Aceh,2014,5.233333333,97.1,608.5
"Bituni, Papua",Papua Barat,2014,,,7172
Bitung,Sulawesi Utara,2014,1.4389,125.19403,878.2
Bima,NTB,2014,-8.44602,118.71591,189.2
Benoa/Loloan,Bali,2014,-8.74329,115.20943,14.7
Belawan,Sumatera Utara,2014,3.79246,98.71623,7055.5
Batu Ampar,Kepulauan Riau,2014,1.169719444,104.02,709.6
Banjarmasin,Kalimantan Selatan,2014,-3.33321,114.5551,74404
Balongan,Jawa Barat,2014,6.360561111,108.3902806,485.8
Balikpapan,Kalimantan Timur,2014,-1.25527,116.81594,16448.7
Bade Irian Jaya,Papua,2014,7.1687,139.5937,78.9
Atapupu,NTT,2014,8.9964,124.8617,55.5
Arjuna,Jawa Barat,2014,7.816666667,112.5666667,734
Ambon,Maluku,2014,-3.6941,128.17627,245
Amamapare,Papua,2014,-4.82653,136.84068,528.2
Waingapu,NTT,2013,-9.63969,120.25055,0
Ujung Pandang,Sulawesi Selatan,2013,5.133333333,119.4,605.4
Tuban,Jawa Timur,2013,-6.786842,111.8976,100.8
Ternate,Maluku Utara,2013,0.78066,127.38809,14551.4
Tenau,NTT,2013,-10.1718,123.6075,10.7
Teluk Kasim/Salawati,Papua Barat,2013,1.3,131.0166667,55.6
Tanjung Santan,Kalimantan Timur,2013,8.733333333,109,1298.1
Tanjung Sangata,Kalimantan Timur,2013,0.366666667,117.5666667,51937.2
Tanjung Priok,DKI Jakarta,2013,-6.10492,106.87615,12015.9
Tanjung Pinang,Kepulauan Riau,2013,0.92914,104.45295,5031.6
Tanjung Perak,Jawa Timur,2013,7.216666667,112.7333333,7164.4
Tanjung Emas,Jawa Tengah,2013,6.883333333,110.4,2069.3
Sorong,Papua Barat,2013,-0.87802,131.24612,1071.7
Soekarno Hatta 1,DKI Jakarta,2013,5.1225,119.4078,134.9
Senipah,Kalimantan Timur,2013,0.95,117.1666667,1336
Sekupang,Kepulauan Riau,2013,1.133333333,103.9166667,341.5
Samarinda,Kalimantan Timur,2013,-0.50507,117.15071,91608.7
Pulau Sambu,Kepulauan Riau,2013,1.166666667,103.9,2737.2
Pontianak,Kalimantan Barat,2013,-0.01847,109.33552,4588.9
Pomalaa,Sulawesi Tenggara,2013,-4.23145,121.57935,3891
Pantoloan,Sulawesi Tengah,2013,-0.69477,119.84041,18.1
Panjang,Lampung,2013,5.466666667,105.3166667,9404.2
Pangkalan Susu,Sumatera Utara,2013,4.116666667,98.21666667,0
Palembang0Plaju,Sumatera Selatan,2013,2.984722222,104.8347222,1125.1
Palembang (Kertapati),Sumatera Selatan,2013,-2.178201,104.952,1376.1
Pakanbaru/Rumbai,Riau,2013,0.5566,101.4507,33.7
Padang/Teluk Bayur,Sumatera Barat,2013,-8.53394,115.5086,4595.6
Ngurah Rai 1,Bali,2013,-8.75,115.1667,18.8
Musi River/Boom Baru,Sumatera Selatan,2013,2.981111111,104.7816667,3794.6
Merak,Banten,2013,5.95,106,1176.5
Mamuju,Sulawesi Barat,2013,-2.66758,118.8942,0
Malili,Sulawesi Selatan,2013,-2.66317,120.98228,98.5
Lingkas Tarakan,Kalimantan Timur,2013,3.283333333,117.6,12765.5
Kupang,NTT,2013,-10.15375,123.59051,0
Kotabaru,Kalimantan Selatan,2013,3.233333333,116.2166667,77043
Kolaka,Sulawesi Tenggara,2013,4.0581,121.5851,4862
Kabil/Panau,Kepulauan Riau,2013,1.352016667,104.1581722,1981.5
Hasanuddin 1,Sulawesi Selatan,2013,-5.14,119.4221,5.6
Dumai,Riau,2013,1.6861,101.44849,19635.2
Cirebon,Jawa Barat,2013,-6.70907,108.57073,2
Cilacap,Jawa Tengah,2013,-7.74913,109.01491,2370.4
Cigading,Banten,2013,6.016666667,105.95,182.3
Bontang,Kalimantan Timur,2013,0.08553,117.48763,33594.7
Blang Lancang (Arun),Aceh,2013,5.233333333,97.1,1130.1
"Bituni, Papua",Papua Barat,2013,,,7350.5
Bitung,Sulawesi Utara,2013,1.4389,125.19403,849.5
Bima,NTB,2013,-8.44602,118.71591,293.1
Benoa/Loloan,Bali,2013,-8.74329,115.20943,18.4
Belawan,Sumatera Utara,2013,3.79246,98.71623,7109.3
Batu Ampar,Kepulauan Riau,2013,1.169719444,104.02,761.2
Banjarmasin,Kalimantan Selatan,2013,-3.33321,114.5551,71951.8
Balongan,Jawa Barat,2013,6.360561111,108.3902806,655.5
Balikpapan,Kalimantan Timur,2013,-1.25527,116.81594,15227.2
Bade Irian Jaya,Papua,2013,7.1687,139.5937,70.6
Atapupu,NTT,2013,8.9964,124.8617,65.8
Arjuna,Jawa Barat,2013,7.816666667,112.5666667,0
Ambon,Maluku,2013,-3.6941,128.17627,218.9
Amamapare,Papua,2013,-4.82653,136.84068,1179.4
Waingapu,NTT,2012,-9.63969,120.25055,0
Ujung Pandang,Sulawesi Selatan,2012,5.133333333,119.4,531.6
Tuban,Jawa Timur,2012,-6.786842,111.8976,374.9
Ternate,Maluku Utara,2012,0.78066,127.38809,7697.6
Tenau,NTT,2012,-10.1718,123.6075,36
Teluk Kasim/Salawati,Papua Barat,2012,1.3,131.0166667,23.6
Tanjung Santan,Kalimantan Timur,2012,8.733333333,109,1563.4
Tanjung Sangata,Kalimantan Timur,2012,0.366666667,117.5666667,36898
Tanjung Priok,DKI Jakarta,2012,-6.10492,106.87615,12000
Tanjung Pinang,Kepulauan Riau,2012,0.92914,104.45295,3333.9
Tanjung Perak,Jawa Timur,2012,7.216666667,112.7333333,6907.3
Tanjung Emas,Jawa Tengah,2012,6.883333333,110.4,1878.4
Sorong,Papua Barat,2012,-0.87802,131.24612,1188.4
Soekarno Hatta 1,DKI Jakarta,2012,5.1225,119.4078,123.3
Senipah,Kalimantan Timur,2012,0.95,117.1666667,1189.5
Sekupang,Kepulauan Riau,2012,1.133333333,103.9166667,280.8
Samarinda,Kalimantan Timur,2012,-0.50507,117.15071,86359.2
Pulau Sambu,Kepulauan Riau,2012,1.166666667,103.9,2260.2
Pontianak,Kalimantan Barat,2012,-0.01847,109.33552,3039.6
Pomalaa,Sulawesi Tenggara,2012,-4.23145,121.57935,6102.3
Pantoloan,Sulawesi Tengah,2012,-0.69477,119.84041,45
Panjang,Lampung,2012,5.466666667,105.3166667,8407.7
Pangkalan Susu,Sumatera Utara,2012,4.116666667,98.21666667,0
Palembang0Plaju,Sumatera Selatan,2012,2.984722222,104.8347222,899
Palembang (Kertapati),Sumatera Selatan,2012,-2.178201,104.952,1189
Pakanbaru/Rumbai,Riau,2012,0.5566,101.4507,18.2
Padang/Teluk Bayur,Sumatera Barat,2012,-8.53394,115.5086,3312.6
Ngurah Rai 1,Bali,2012,-8.75,115.1667,15.9
Musi River/Boom Baru,Sumatera Selatan,2012,2.981111111,104.7816667,4805.3
Merak,Banten,2012,5.95,106,813.3
Mamuju,Sulawesi Barat,2012,-2.66758,118.8942,0
Malili,Sulawesi Selatan,2012,-2.66317,120.98228,239.3
Lingkas Tarakan,Kalimantan Timur,2012,3.283333333,117.6,10660
Kupang,NTT,2012,-10.15375,123.59051,0
Kotabaru,Kalimantan Selatan,2012,3.233333333,116.2166667,72180.8
Kolaka,Sulawesi Tenggara,2012,4.0581,121.5851,4205.4
Kabil/Panau,Kepulauan Riau,2012,1.352016667,104.1581722,1661.1
Hasanuddin 1,Sulawesi Selatan,2012,-5.14,119.4221,4.6
Dumai,Riau,2012,1.6861,101.44849,18410.4
Cirebon,Jawa Barat,2012,-6.70907,108.57073,0.6
Cilacap,Jawa Tengah,2012,-7.74913,109.01491,1719.1
Cigading,Banten,2012,6.016666667,105.95,349.3
Bontang,Kalimantan Timur,2012,0.08553,117.48763,33577.5
Blang Lancang (Arun),Aceh,2012,5.233333333,97.1,1348.1
"Bituni, Papua",Papua Barat,2012,,,7554.6
Bitung,Sulawesi Utara,2012,1.4389,125.19403,1024.5
Bima,NTB,2012,-8.44602,118.71591,331.7
Benoa/Loloan,Bali,2012,-8.74329,115.20943,15.6
Belawan,Sumatera Utara,2012,3.79246,98.71623,7023.3
Batu Ampar,Kepulauan Riau,2012,1.169719444,104.02,735.6
Banjarmasin,Kalimantan Selatan,2012,-3.33321,114.5551,64592.8
Balongan,Jawa Barat,2012,6.360561111,108.3902806,559.5
Balikpapan,Kalimantan Timur,2012,-1.25527,116.81594,15334.6
Bade Irian Jaya,Papua,2012,7.1687,139.5937,79.5
Atapupu,NTT,2012,8.9964,124.8617,30.2
Arjuna,Jawa Barat,2012,7.816666667,112.5666667,288.4
Ambon,Maluku,2012,-3.6941,128.17627,248.3
Amamapare,Papua,2012,-4.82653,136.84068,783
Waingapu,NTT,2011,-9.63969,120.25055,0
Ujung Pandang,Sulawesi Selatan,2011,5.133333333,119.4,685.4
Tuban,Jawa Timur,2011,-6.786842,111.8976,2174.1
Ternate,Maluku Utara,2011,0.78066,127.38809,8930.8
Tenau,NTT,2011,-10.1718,123.6075,18.5
Teluk Kasim/Salawati,Papua Barat,2011,1.3,131.0166667,38.8
Tanjung Santan,Kalimantan Timur,2011,8.733333333,109,1930.3
Tanjung Sangata,Kalimantan Timur,2011,0.366666667,117.5666667,39469.1
Tanjung Priok,DKI Jakarta,2011,-6.10492,106.87615,12184.3
Tanjung Pinang,Kepulauan Riau,2011,0.92914,104.45295,4755.4
Tanjung Perak,Jawa Timur,2011,7.216666667,112.7333333,7233
Tanjung Emas,Jawa Tengah,2011,6.883333333,110.4,1620.5
Sorong,Papua Barat,2011,-0.87802,131.24612,1065.7
Soekarno Hatta 1,DKI Jakarta,2011,5.1225,119.4078,132.2
Senipah,Kalimantan Timur,2011,0.95,117.1666667,1251.6
Sekupang,Kepulauan Riau,2011,1.133333333,103.9166667,353
Samarinda,Kalimantan Timur,2011,-0.50507,117.15071,80949
Pulau Sambu,Kepulauan Riau,2011,1.166666667,103.9,2524
Pontianak,Kalimantan Barat,2011,-0.01847,109.33552,2594.2
Pomalaa,Sulawesi Tenggara,2011,-4.23145,121.57935,11224.2
Pantoloan,Sulawesi Tengah,2011,-0.69477,119.84041,63.5
Panjang,Lampung,2011,5.466666667,105.3166667,6968.9
Pangkalan Susu,Sumatera Utara,2011,4.116666667,98.21666667,0
Palembang0Plaju,Sumatera Selatan,2011,2.984722222,104.8347222,861.7
Palembang (Kertapati),Sumatera Selatan,2011,-2.178201,104.952,821.7
Pakanbaru/Rumbai,Riau,2011,0.5566,101.4507,30.2
Padang/Teluk Bayur,Sumatera Barat,2011,-8.53394,115.5086,5277.8
Ngurah Rai 1,Bali,2011,-8.75,115.1667,17.7
Musi River/Boom Baru,Sumatera Selatan,2011,2.981111111,104.7816667,5070.5
Merak,Banten,2011,5.95,106,978.3
Mamuju,Sulawesi Barat,2011,-2.66758,118.8942,6.5
Malili,Sulawesi Selatan,2011,-2.66317,120.98228,469.2
Lingkas Tarakan,Kalimantan Timur,2011,3.283333333,117.6,4231.7
Kupang,NTT,2011,-10.15375,123.59051,0
Kotabaru,Kalimantan Selatan,2011,3.233333333,116.2166667,63793.6
Kolaka,Sulawesi Tenggara,2011,4.0581,121.5851,1288.6
Kabil/Panau,Kepulauan Riau,2011,1.352016667,104.1581722,1228.9
Hasanuddin 1,Sulawesi Selatan,2011,-5.14,119.4221,3.7
Dumai,Riau,2011,1.6861,101.44849,19095.5
Cirebon,Jawa Barat,2011,-6.70907,108.57073,0.5
Cilacap,Jawa Tengah,2011,-7.74913,109.01491,3923
Cigading,Banten,2011,6.016666667,105.95,512.6
Bontang,Kalimantan Timur,2011,0.08553,117.48763,40710.1
Blang Lancang (Arun),Aceh,2011,5.233333333,97.1,1713.1
"Bituni, Papua",Papua Barat,2011,,,6920.8
Bitung,Sulawesi Utara,2011,1.4389,125.19403,603.6
Bima,NTB,2011,-8.44602,118.71591,389.5
Benoa/Loloan,Bali,2011,-8.74329,115.20943,17.3
Belawan,Sumatera Utara,2011,3.79246,98.71623,6316.4
Batu Ampar,Kepulauan Riau,2011,1.169719444,104.02,756.8
Banjarmasin,Kalimantan Selatan,2011,-3.33321,114.5551,61321.2
Balongan,Jawa Barat,2011,6.360561111,108.3902806,817.4
Balikpapan,Kalimantan Timur,2011,-1.25527,116.81594,14004.9
Bade Irian Jaya,Papua,2011,7.1687,139.5937,109.8
Atapupu,NTT,2011,8.9964,124.8617,49.6
Arjuna,Jawa Barat,2011,7.816666667,112.5666667,596.8
Ambon,Maluku,2011,-3.6941,128.17627,198.6
Amamapare,Papua,2011,-4.82653,136.84068,1051.4
Waingapu,NTT,2010,-9.63969,120.25055,0
Ujung Pandang,Sulawesi Selatan,2010,5.133333333,119.4,712.7
Tuban,Jawa Timur,2010,-6.786842,111.8976,2557.7
Ternate,Maluku Utara,2010,0.78066,127.38809,6277.8
Tenau,NTT,2010,-10.1718,123.6075,19
Teluk Kasim/Salawati,Papua Barat,2010,1.3,131.0166667,121.1
Tanjung Santan,Kalimantan Timur,2010,8.733333333,109,1425
Tanjung Sangata,Kalimantan Timur,2010,0.366666667,117.5666667,38769.5
Tanjung Priok,DKI Jakarta,2010,-6.10492,106.87615,12545.5
Tanjung Pinang,Kepulauan Riau,2010,0.92914,104.45295,7103.8
Tanjung Perak,Jawa Timur,2010,7.216666667,112.7333333,6889.9
Tanjung Emas,Jawa Tengah,2010,6.883333333,110.4,1559.2
Sorong,Papua Barat,2010,-0.87802,131.24612,984.3
Soekarno Hatta 1,DKI Jakarta,2010,5.1225,119.4078,129.1
Senipah,Kalimantan Timur,2010,0.95,117.1666667,1460.6
Sekupang,Kepulauan Riau,2010,1.133333333,103.9166667,281
Samarinda,Kalimantan Timur,2010,-0.50507,117.15071,69206.5
Pulau Sambu,Kepulauan Riau,2010,1.166666667,103.9,1193.8
Pontianak,Kalimantan Barat,2010,-0.01847,109.33552,2262.3
Pomalaa,Sulawesi Tenggara,2010,-4.23145,121.57935,3587.5
Pantoloan,Sulawesi Tengah,2010,-0.69477,119.84041,136.8
Panjang,Lampung,2010,5.466666667,105.3166667,6142.2
Pangkalan Susu,Sumatera Utara,2010,4.116666667,98.21666667,0
Palembang0Plaju,Sumatera Selatan,2010,2.984722222,104.8347222,934.4
Palembang (Kertapati),Sumatera Selatan,2010,-2.178201,104.952,818.7
Pakanbaru/Rumbai,Riau,2010,0.5566,101.4507,76
Padang/Teluk Bayur,Sumatera Barat,2010,-8.53394,115.5086,3729.1
Ngurah Rai 1,Bali,2010,-8.75,115.1667,21.3
Musi River/Boom Baru,Sumatera Selatan,2010,2.981111111,104.7816667,2340.6
Merak,Banten,2010,5.95,106,1129.9
Mamuju,Sulawesi Barat,2010,-2.66758,118.8942,31.6
Malili,Sulawesi Selatan,2010,-2.66317,120.98228,111.5
Lingkas Tarakan,Kalimantan Timur,2010,3.283333333,117.6,6043.7
Kupang,NTT,2010,-10.15375,123.59051,0
Kotabaru,Kalimantan Selatan,2010,3.233333333,116.2166667,46718.7
Kolaka,Sulawesi Tenggara,2010,4.0581,121.5851,232.7
Kabil/Panau,Kepulauan Riau,2010,1.352016667,104.1581722,1320.9
Hasanuddin 1,Sulawesi Selatan,2010,-5.14,119.4221,3.3
Dumai,Riau,2010,1.6861,101.44849,17487.6
Cirebon,Jawa Barat,2010,-6.70907,108.57073,0.2
Cilacap,Jawa Tengah,2010,-7.74913,109.01491,514
Cigading,Banten,2010,6.016666667,105.95,357.7
Bontang,Kalimantan Timur,2010,0.08553,117.48763,35012.6
Blang Lancang (Arun),Aceh,2010,5.233333333,97.1,2249.3
"Bituni, Papua",Papua Barat,2010,,,5937.8
Bitung,Sulawesi Utara,2010,1.4389,125.19403,499.8
Bima,NTB,2010,-8.44602,118.71591,783.8
Benoa/Loloan,Bali,2010,-8.74329,115.20943,18
Belawan,Sumatera Utara,2010,3.79246,98.71623,6043
Batu Ampar,Kepulauan Riau,2010,1.169719444,104.02,607.3
Banjarmasin,Kalimantan Selatan,2010,-3.33321,114.5551,52879.4
Balongan,Jawa Barat,2010,6.360561111,108.3902806,683.2
Balikpapan,Kalimantan Timur,2010,-1.25527,116.81594,15453.9
Bade Irian Jaya,Papua,2010,7.1687,139.5937,177.9
Atapupu,NTT,2010,8.9964,124.8617,76.1
Arjuna,Jawa Barat,2010,7.816666667,112.5666667,1029.6
Ambon,Maluku,2010,-3.6941,128.17627,238.4
Amamapare,Papua,2010,-4.82653,136.84068,1850.3
Waingapu,NTT,2009,-9.63969,120.25055,0
Ujung Pandang,Sulawesi Selatan,2009,5.133333333,119.4,607.1
Tuban,Jawa Timur,2009,-6.786842,111.8976,1129.9
Ternate,Maluku Utara,2009,0.78066,127.38809,4441.9
Tenau,NTT,2009,-10.1718,123.6075,4.9
Teluk Kasim/Salawati,Papua Barat,2009,1.3,131.0166667,312.3
Tanjung Santan,Kalimantan Timur,2009,8.733333333,109,2378.5
Tanjung Sangata,Kalimantan Timur,2009,0.366666667,117.5666667,36914.1
Tanjung Priok,DKI Jakarta,2009,-6.10492,106.87615,13271
Tanjung Pinang,Kepulauan Riau,2009,0.92914,104.45295,4696.2
Tanjung Perak,Jawa Timur,2009,7.216666667,112.7333333,6447.6
Tanjung Emas,Jawa Tengah,2009,6.883333333,110.4,1425.8
Sorong,Papua Barat,2009,-0.87802,131.24612,0
Soekarno Hatta 1,DKI Jakarta,2009,5.1225,119.4078,102.1
Senipah,Kalimantan Timur,2009,0.95,117.1666667,1768
Sekupang,Kepulauan Riau,2009,1.133333333,103.9166667,302.2
Samarinda,Kalimantan Timur,2009,-0.50507,117.15071,34036.2
Pulau Sambu,Kepulauan Riau,2009,1.166666667,103.9,6.1
Pontianak,Kalimantan Barat,2009,-0.01847,109.33552,733.6
Pomalaa,Sulawesi Tenggara,2009,-4.23145,121.57935,1337.9
Pantoloan,Sulawesi Tengah,2009,-0.69477,119.84041,129.9
Panjang,Lampung,2009,5.466666667,105.3166667,6487.1
Pangkalan Susu,Sumatera Utara,2009,4.116666667,98.21666667,0
Palembang0Plaju,Sumatera Selatan,2009,2.984722222,104.8347222,969.5
Palembang (Kertapati),Sumatera Selatan,2009,-2.178201,104.952,604.3
Pakanbaru/Rumbai,Riau,2009,0.5566,101.4507,91.5
Padang/Teluk Bayur,Sumatera Barat,2009,-8.53394,115.5086,3488.8
Ngurah Rai 1,Bali,2009,-8.75,115.1667,19.4
Musi River/Boom Baru,Sumatera Selatan,2009,2.981111111,104.7816667,1919.4
Merak,Banten,2009,5.95,106,1028.4
Mamuju,Sulawesi Barat,2009,-2.66758,118.8942,98.6
Malili,Sulawesi Selatan,2009,-2.66317,120.98228,65.1
Lingkas Tarakan,Kalimantan Timur,2009,3.283333333,117.6,901.4
Kupang,NTT,2009,-10.15375,123.59051,0
Kotabaru,Kalimantan Selatan,2009,3.233333333,116.2166667,40896.6
Kolaka,Sulawesi Tenggara,2009,4.0581,121.5851,1.2
Kabil/Panau,Kepulauan Riau,2009,1.352016667,104.1581722,814.1
Hasanuddin 1,Sulawesi Selatan,2009,-5.14,119.4221,2.3
Dumai,Riau,2009,1.6861,101.44849,17842
Cirebon,Jawa Barat,2009,-6.70907,108.57073,0.1
Cilacap,Jawa Tengah,2009,-7.74913,109.01491,1099
Cigading,Banten,2009,6.016666667,105.95,320.7
Bontang,Kalimantan Timur,2009,0.08553,117.48763,30986.1
Blang Lancang (Arun),Aceh,2009,5.233333333,97.1,2494.2
"Bituni, Papua",Papua Barat,2009,,,33.3
Bitung,Sulawesi Utara,2009,1.4389,125.19403,613.7
Bima,NTB,2009,-8.44602,118.71591,637.5
Benoa/Loloan,Bali,2009,-8.74329,115.20943,10.7
Belawan,Sumatera Utara,2009,3.79246,98.71623,6322.5
Batu Ampar,Kepulauan Riau,2009,1.169719444,104.02,498.6
Banjarmasin,Kalimantan Selatan,2009,-3.33321,114.5551,49547.8
Balongan,Jawa Barat,2009,6.360561111,108.3902806,349.3
Balikpapan,Kalimantan Timur,2009,-1.25527,116.81594,14807.3
Bade Irian Jaya,Papua,2009,7.1687,139.5937,0
Atapupu,NTT,2009,8.9964,124.8617,60.9
Arjuna,Jawa Barat,2009,7.816666667,112.5666667,572.5
Ambon,Maluku,2009,-3.6941,128.17627,105.8
Amamapare,Papua,2009,-4.82653,136.84068,1689
Waingapu,NTT,2008,-9.63969,120.25055,0
Ujung Pandang,Sulawesi Selatan,2008,5.133333333,119.4,680
Tuban,Jawa Timur,2008,-6.786842,111.8976,534.8
Ternate,Maluku Utara,2008,0.78066,127.38809,5756.6
Tenau,NTT,2008,-10.1718,123.6075,16.1
Teluk Kasim/Salawati,Papua Barat,2008,1.3,131.0166667,141.2
Tanjung Santan,Kalimantan Timur,2008,8.733333333,109,3995.8
Tanjung Sangata,Kalimantan Timur,2008,0.366666667,117.5666667,33712.1
Tanjung Priok,DKI Jakarta,2008,-6.10492,106.87615,14371.6
Tanjung Pinang,Kepulauan Riau,2008,0.92914,104.45295,5373.7
Tanjung Perak,Jawa Timur,2008,7.216666667,112.7333333,6760.3
Tanjung Emas,Jawa Tengah,2008,6.883333333,110.4,1580.7
Sorong,Papua Barat,2008,-0.87802,131.24612,0
Soekarno Hatta 1,DKI Jakarta,2008,5.1225,119.4078,121.4
Senipah,Kalimantan Timur,2008,0.95,117.1666667,1734.4
Sekupang,Kepulauan Riau,2008,1.133333333,103.9166667,334.3
Samarinda,Kalimantan Timur,2008,-0.50507,117.15071,25965.9
Pulau Sambu,Kepulauan Riau,2008,1.166666667,103.9,5.7
Pontianak,Kalimantan Barat,2008,-0.01847,109.33552,517.1
Pomalaa,Sulawesi Tenggara,2008,-4.23145,121.57935,2556.5
Pantoloan,Sulawesi Tengah,2008,-0.69477,119.84041,254.1
Panjang,Lampung,2008,5.466666667,105.3166667,6152.2
Pangkalan Susu,Sumatera Utara,2008,4.116666667,98.21666667,0
Palembang0Plaju,Sumatera Selatan,2008,2.984722222,104.8347222,1112.9
Palembang (Kertapati),Sumatera Selatan,2008,-2.178201,104.952,686.7
Pakanbaru/Rumbai,Riau,2008,0.5566,101.4507,161.7
Padang/Teluk Bayur,Sumatera Barat,2008,-8.53394,115.5086,4627.4
Ngurah Rai 1,Bali,2008,-8.75,115.1667,19.6
Musi River/Boom Baru,Sumatera Selatan,2008,2.981111111,104.7816667,1990.4
Merak,Banten,2008,5.95,106,844.3
Mamuju,Sulawesi Barat,2008,-2.66758,118.8942,36.1
Malili,Sulawesi Selatan,2008,-2.66317,120.98228,97.4
Lingkas Tarakan,Kalimantan Timur,2008,3.283333333,117.6,867.9
Kupang,NTT,2008,-10.15375,123.59051,0
Kotabaru,Kalimantan Selatan,2008,3.233333333,116.2166667,27736.1
Kolaka,Sulawesi Tenggara,2008,4.0581,121.5851,5.9
Kabil/Panau,Kepulauan Riau,2008,1.352016667,104.1581722,547.4
Hasanuddin 1,Sulawesi Selatan,2008,-5.14,119.4221,36.5
Dumai,Riau,2008,1.6861,101.44849,17313.7
Cirebon,Jawa Barat,2008,-6.70907,108.57073,0
Cilacap,Jawa Tengah,2008,-7.74913,109.01491,494.8
Cigading,Banten,2008,6.016666667,105.95,390.4
Bontang,Kalimantan Timur,2008,0.08553,117.48763,33826.1
Blang Lancang (Arun),Aceh,2008,5.233333333,97.1,3158.9
"Bituni, Papua",Papua Barat,2008,,,0
Bitung,Sulawesi Utara,2008,1.4389,125.19403,709.2
Bima,NTB,2008,-8.44602,118.71591,404.3
Benoa/Loloan,Bali,2008,-8.74329,115.20943,16
Belawan,Sumatera Utara,2008,3.79246,98.71623,7008.7
Batu Ampar,Kepulauan Riau,2008,1.169719444,104.02,594.1
Banjarmasin,Kalimantan Selatan,2008,-3.33321,114.5551,46959.5
Balongan,Jawa Barat,2008,6.360561111,108.3902806,323.2
Balikpapan,Kalimantan Timur,2008,-1.25527,116.81594,12684.3
Bade Irian Jaya,Papua,2008,7.1687,139.5937,0
Atapupu,NTT,2008,8.9964,124.8617,0
Arjuna,Jawa Barat,2008,7.816666667,112.5666667,289.8
Ambon,Maluku,2008,-3.6941,128.17627,149.2
Amamapare,Papua,2008,-4.82653,136.84068,1209.4
Waingapu,NTT,2007,-9.63969,120.25055,0
Ujung Pandang,Sulawesi Selatan,2007,5.133333333,119.4,588.8
Tuban,Jawa Timur,2007,-6.786842,111.8976,2338.9
Ternate,Maluku Utara,2007,0.78066,127.38809,6717.2
Tenau,NTT,2007,-10.1718,123.6075,55.8
Teluk Kasim/Salawati,Papua Barat,2007,1.3,131.0166667,153.5
Tanjung Santan,Kalimantan Timur,2007,8.733333333,109,2967
Tanjung Sangata,Kalimantan Timur,2007,0.366666667,117.5666667,36819.2
Tanjung Priok,DKI Jakarta,2007,-6.10492,106.87615,16828.8
Tanjung Pinang,Kepulauan Riau,2007,0.92914,104.45295,7705.5
Tanjung Perak,Jawa Timur,2007,7.216666667,112.7333333,6677.8
Tanjung Emas,Jawa Tengah,2007,6.883333333,110.4,1621.1
Sorong,Papua Barat,2007,-0.87802,131.24612,0
Soekarno Hatta 1,DKI Jakarta,2007,5.1225,119.4078,115.7
Senipah,Kalimantan Timur,2007,0.95,117.1666667,931.1
Sekupang,Kepulauan Riau,2007,1.133333333,103.9166667,298.2
Samarinda,Kalimantan Timur,2007,-0.50507,117.15071,25676.8
Pulau Sambu,Kepulauan Riau,2007,1.166666667,103.9,14.2
Pontianak,Kalimantan Barat,2007,-0.01847,109.33552,532.6
Pomalaa,Sulawesi Tenggara,2007,-4.23145,121.57935,1431
Pantoloan,Sulawesi Tengah,2007,-0.69477,119.84041,126.1
Panjang,Lampung,2007,5.466666667,105.3166667,5426.5
Pangkalan Susu,Sumatera Utara,2007,4.116666667,98.21666667,0
Palembang0Plaju,Sumatera Selatan,2007,2.984722222,104.8347222,1392
Palembang (Kertapati),Sumatera Selatan,2007,-2.178201,104.952,618
Pakanbaru/Rumbai,Riau,2007,0.5566,101.4507,280
Padang/Teluk Bayur,Sumatera Barat,2007,-8.53394,115.5086,3031.9
Ngurah Rai 1,Bali,2007,-8.75,115.1667,19.9
Musi River/Boom Baru,Sumatera Selatan,2007,2.981111111,104.7816667,1912
Merak,Banten,2007,5.95,106,663.5
Mamuju,Sulawesi Barat,2007,-2.66758,118.8942,31.7
Malili,Sulawesi Selatan,2007,-2.66317,120.98228,145.4
Lingkas Tarakan,Kalimantan Timur,2007,3.283333333,117.6,435.7
Kupang,NTT,2007,-10.15375,123.59051,0
Kotabaru,Kalimantan Selatan,2007,3.233333333,116.2166667,35506.6
Kolaka,Sulawesi Tenggara,2007,4.0581,121.5851,3
Kabil/Panau,Kepulauan Riau,2007,1.352016667,104.1581722,601.3
Hasanuddin 1,Sulawesi Selatan,2007,-5.14,119.4221,304
Dumai,Riau,2007,1.6861,101.44849,17134.5
Cirebon,Jawa Barat,2007,-6.70907,108.57073,0
Cilacap,Jawa Tengah,2007,-7.74913,109.01491,750.5
Cigading,Banten,2007,6.016666667,105.95,1016.6
Bontang,Kalimantan Timur,2007,0.08553,117.48763,28412.1
Blang Lancang (Arun),Aceh,2007,5.233333333,97.1,3288.1
"Bituni, Papua",Papua Barat,2007,,,0
Bitung,Sulawesi Utara,2007,1.4389,125.19403,856.4
Bima,NTB,2007,-8.44602,118.71591,532
Benoa/Loloan,Bali,2007,-8.74329,115.20943,207.8
Belawan,Sumatera Utara,2007,3.79246,98.71623,6409.5
Batu Ampar,Kepulauan Riau,2007,1.169719444,104.02,612.5
Banjarmasin,Kalimantan Selatan,2007,-3.33321,114.5551,42378.5
Balongan,Jawa Barat,2007,6.360561111,108.3902806,637.4
Balikpapan,Kalimantan Timur,2007,-1.25527,116.81594,14145.9
Bade Irian Jaya,Papua,2007,7.1687,139.5937,0
Atapupu,NTT,2007,8.9964,124.8617,0
Arjuna,Jawa Barat,2007,7.816666667,112.5666667,351.5
Ambon,Maluku,2007,-3.6941,128.17627,290.2
Amamapare,Papua,2007,-4.82653,136.84068,1145.5
Waingapu,NTT,2006,-9.63969,120.25055,4.6
Ujung Pandang,Sulawesi Selatan,2006,5.133333333,119.4,815.4
Tuban,Jawa Timur,2006,-6.786842,111.8976,835.8
Ternate,Maluku Utara,2006,0.78066,127.38809,1684.1
Tenau,NTT,2006,-10.1718,123.6075,35.3
Teluk Kasim/Salawati,Papua Barat,2006,1.3,131.0166667,2574.8
Tanjung Santan,Kalimantan Timur,2006,8.733333333,109,3197.3
Tanjung Sangata,Kalimantan Timur,2006,0.366666667,117.5666667,37388
Tanjung Priok,DKI Jakarta,2006,-6.10492,106.87615,16088.2
Tanjung Pinang,Kepulauan Riau,2006,0.92914,104.45295,0
Tanjung Perak,Jawa Timur,2006,7.216666667,112.7333333,782.5
Tanjung Emas,Jawa Tengah,2006,6.883333333,110.4,1079.4
Sorong,Papua Barat,2006,-0.87802,131.24612,0
Soekarno Hatta 1,DKI Jakarta,2006,5.1225,119.4078,116.3
Senipah,Kalimantan Timur,2006,0.95,117.1666667,1016.5
Sekupang,Kepulauan Riau,2006,1.133333333,103.9166667,344.6
Samarinda,Kalimantan Timur,2006,-0.50507,117.15071,22465.3
Pulau Sambu,Kepulauan Riau,2006,1.166666667,103.9,0
Pontianak,Kalimantan Barat,2006,-0.01847,109.33552,582.7
Pomalaa,Sulawesi Tenggara,2006,-4.23145,121.57935,1095.6
Pantoloan,Sulawesi Tengah,2006,-0.69477,119.84041,232
Panjang,Lampung,2006,5.466666667,105.3166667,5023.6
Pangkalan Susu,Sumatera Utara,2006,4.116666667,98.21666667,0
Palembang0Plaju,Sumatera Selatan,2006,2.984722222,104.8347222,1844
Palembang (Kertapati),Sumatera Selatan,2006,-2.178201,104.952,0
Pakanbaru/Rumbai,Riau,2006,0.5566,101.4507,0
Padang/Teluk Bayur,Sumatera Barat,2006,-8.53394,115.5086,3077.8
Ngurah Rai 1,Bali,2006,-8.75,115.1667,25.3
Musi River/Boom Baru,Sumatera Selatan,2006,2.981111111,104.7816667,1632.6
Merak,Banten,2006,5.95,106,1452.2
Mamuju,Sulawesi Barat,2006,-2.66758,118.8942,231.8
Malili,Sulawesi Selatan,2006,-2.66317,120.98228,88.1
Lingkas Tarakan,Kalimantan Timur,2006,3.283333333,117.6,0
Kupang,NTT,2006,-10.15375,123.59051,0
Kotabaru,Kalimantan Selatan,2006,3.233333333,116.2166667,32540
Kolaka,Sulawesi Tenggara,2006,4.0581,121.5851,14.1
Kabil/Panau,Kepulauan Riau,2006,1.352016667,104.1581722,341.2
Hasanuddin 1,Sulawesi Selatan,2006,-5.14,119.4221,94.8
Dumai,Riau,2006,1.6861,101.44849,16295.1
Cirebon,Jawa Barat,2006,-6.70907,108.57073,0
Cilacap,Jawa Tengah,2006,-7.74913,109.01491,6354.1
Cigading,Banten,2006,6.016666667,105.95,1180.2
Bontang,Kalimantan Timur,2006,0.08553,117.48763,31104.3
Blang Lancang (Arun),Aceh,2006,5.233333333,97.1,2549.3
"Bituni, Papua",Papua Barat,2006,,,0
Bitung,Sulawesi Utara,2006,1.4389,125.19403,461.2
Bima,NTB,2006,-8.44602,118.71591,647.5
Benoa/Loloan,Bali,2006,-8.74329,115.20943,290.3
Belawan,Sumatera Utara,2006,3.79246,98.71623,6726.8
Batu Ampar,Kepulauan Riau,2006,1.169719444,104.02,673
Banjarmasin,Kalimantan Selatan,2006,-3.33321,114.5551,37094.1
Balongan,Jawa Barat,2006,6.360561111,108.3902806,709.8
Balikpapan,Kalimantan Timur,2006,-1.25527,116.81594,16644.3
Bade Irian Jaya,Papua,2006,7.1687,139.5937,109.9
Atapupu,NTT,2006,8.9964,124.8617,0
Arjuna,Jawa Barat,2006,7.816666667,112.5666667,0
Ambon,Maluku,2006,-3.6941,128.17627,382.1
Amamapare,Papua,2006,-4.82653,136.84068,552.4
Waingapu,NTT,2005,-9.63969,120.25055,0
Ujung Pandang,Sulawesi Selatan,2005,5.133333333,119.4,763.3
Tuban,Jawa Timur,2005,-6.786842,111.8976,689.9
Ternate,Maluku Utara,2005,0.78066,127.38809,2241.9
Tenau,NTT,2005,-10.1718,123.6075,72.1
Teluk Kasim/Salawati,Papua Barat,2005,1.3,131.0166667,231
Tanjung Santan,Kalimantan Timur,2005,8.733333333,109,3654.5
Tanjung Sangata,Kalimantan Timur,2005,0.366666667,117.5666667,21470.4
Tanjung Priok,DKI Jakarta,2005,-6.10492,106.87615,15311.9
Tanjung Pinang,Kepulauan Riau,2005,0.92914,104.45295,0
Tanjung Perak,Jawa Timur,2005,7.216666667,112.7333333,6104.1
Tanjung Emas,Jawa Tengah,2005,6.883333333,110.4,1333.4
Sorong,Papua Barat,2005,-0.87802,131.24612,0
Soekarno Hatta 1,DKI Jakarta,2005,5.1225,119.4078,116.2
Senipah,Kalimantan Timur,2005,0.95,117.1666667,1799
Sekupang,Kepulauan Riau,2005,1.133333333,103.9166667,243.2
Samarinda,Kalimantan Timur,2005,-0.50507,117.15071,13003.1
Pulau Sambu,Kepulauan Riau,2005,1.166666667,103.9,0
Pontianak,Kalimantan Barat,2005,-0.01847,109.33552,583.4
Pomalaa,Sulawesi Tenggara,2005,-4.23145,121.57935,1137.5
Pantoloan,Sulawesi Tengah,2005,-0.69477,119.84041,116.9
Panjang,Lampung,2005,5.466666667,105.3166667,3878.5
Pangkalan Susu,Sumatera Utara,2005,4.116666667,98.21666667,0
Palembang0Plaju,Sumatera Selatan,2005,2.984722222,104.8347222,610.4
Palembang (Kertapati),Sumatera Selatan,2005,-2.178201,104.952,0
Pakanbaru/Rumbai,Riau,2005,0.5566,101.4507,0
Padang/Teluk Bayur,Sumatera Barat,2005,-8.53394,115.5086,2057.9
Ngurah Rai 1,Bali,2005,-8.75,115.1667,155.5
Musi River/Boom Baru,Sumatera Selatan,2005,2.981111111,104.7816667,1678.9
Merak,Banten,2005,5.95,106,814
Mamuju,Sulawesi Barat,2005,-2.66758,118.8942,1.5
Malili,Sulawesi Selatan,2005,-2.66317,120.98228,105.2
Lingkas Tarakan,Kalimantan Timur,2005,3.283333333,117.6,0
Kupang,NTT,2005,-10.15375,123.59051,0
Kotabaru,Kalimantan Selatan,2005,3.233333333,116.2166667,31902.7
Kolaka,Sulawesi Tenggara,2005,4.0581,121.5851,8.9
Kabil/Panau,Kepulauan Riau,2005,1.352016667,104.1581722,184.3
Hasanuddin 1,Sulawesi Selatan,2005,-5.14,119.4221,24.5
Dumai,Riau,2005,1.6861,101.44849,15311.2
Cirebon,Jawa Barat,2005,-6.70907,108.57073,0
Cilacap,Jawa Tengah,2005,-7.74913,109.01491,1393.2
Cigading,Banten,2005,6.016666667,105.95,381.1
Bontang,Kalimantan Timur,2005,0.08553,117.48763,29435.1
Blang Lancang (Arun),Aceh,2005,5.233333333,97.1,2837.8
"Bituni, Papua",Papua Barat,2005,,,0
Bitung,Sulawesi Utara,2005,1.4389,125.19403,861.9
Bima,NTB,2005,-8.44602,118.71591,767.4
Benoa/Loloan,Bali,2005,-8.74329,115.20943,19.6
Belawan,Sumatera Utara,2005,3.79246,98.71623,6724.9
Batu Ampar,Kepulauan Riau,2005,1.169719444,104.02,702.5
Banjarmasin,Kalimantan Selatan,2005,-3.33321,114.5551,23243.2
Balongan,Jawa Barat,2005,6.360561111,108.3902806,789.3
Balikpapan,Kalimantan Timur,2005,-1.25527,116.81594,12181.2
Bade Irian Jaya,Papua,2005,7.1687,139.5937,30.9
Atapupu,NTT,2005,8.9964,124.8617,0
Arjuna,Jawa Barat,2005,7.816666667,112.5666667,0
Ambon,Maluku,2005,-3.6941,128.17627,78.5
Amamapare,Papua,2005,-4.82653,136.84068,1539.5
Waingapu,NTT,2004,-9.63969,120.25055,0
Ujung Pandang,Sulawesi Selatan,2004,5.133333333,119.4,418.9
Tuban,Jawa Timur,2004,-6.786842,111.8976,6285.5
Ternate,Maluku Utara,2004,0.78066,127.38809,1453.8
Tenau,NTT,2004,-10.1718,123.6075,0
Teluk Kasim/Salawati,Papua Barat,2004,1.3,131.0166667,324.9
Tanjung Santan,Kalimantan Timur,2004,8.733333333,109,2922.4
Tanjung Sangata,Kalimantan Timur,2004,0.366666667,117.5666667,17987.2
Tanjung Priok,DKI Jakarta,2004,-6.10492,106.87615,371
Tanjung Pinang,Kepulauan Riau,2004,0.92914,104.45295,0
Tanjung Perak,Jawa Timur,2004,7.216666667,112.7333333,1413.4
Tanjung Emas,Jawa Tengah,2004,6.883333333,110.4,1203
Sorong,Papua Barat,2004,-0.87802,131.24612,0
Soekarno Hatta 1,DKI Jakarta,2004,5.1225,119.4078,1134.5
Senipah,Kalimantan Timur,2004,0.95,117.1666667,1894.8
Sekupang,Kepulauan Riau,2004,1.133333333,103.9166667,270.9
Samarinda,Kalimantan Timur,2004,-0.50507,117.15071,10312
Pulau Sambu,Kepulauan Riau,2004,1.166666667,103.9,0
Pontianak,Kalimantan Barat,2004,-0.01847,109.33552,810.3
Pomalaa,Sulawesi Tenggara,2004,-4.23145,121.57935,621.5
Pantoloan,Sulawesi Tengah,2004,-0.69477,119.84041,111
Panjang,Lampung,2004,5.466666667,105.3166667,2704.5
Pangkalan Susu,Sumatera Utara,2004,4.116666667,98.21666667,0
Palembang0Plaju,Sumatera Selatan,2004,2.984722222,104.8347222,477.2
Palembang (Kertapati),Sumatera Selatan,2004,-2.178201,104.952,0
Pakanbaru/Rumbai,Riau,2004,0.5566,101.4507,0
Padang/Teluk Bayur,Sumatera Barat,2004,-8.53394,115.5086,1518.5
Ngurah Rai 1,Bali,2004,-8.75,115.1667,0
Musi River/Boom Baru,Sumatera Selatan,2004,2.981111111,104.7816667,1788.9
Merak,Banten,2004,5.95,106,494.6
Mamuju,Sulawesi Barat,2004,-2.66758,118.8942,47.3
Malili,Sulawesi Selatan,2004,-2.66317,120.98228,105.5
Lingkas Tarakan,Kalimantan Timur,2004,3.283333333,117.6,0
Kupang,NTT,2004,-10.15375,123.59051,0
Kotabaru,Kalimantan Selatan,2004,3.233333333,116.2166667,27907.8
Kolaka,Sulawesi Tenggara,2004,4.0581,121.5851,4.4
Kabil/Panau,Kepulauan Riau,2004,1.352016667,104.1581722,213.5
Hasanuddin 1,Sulawesi Selatan,2004,-5.14,119.4221,20.6
Dumai,Riau,2004,1.6861,101.44849,16495.9
Cirebon,Jawa Barat,2004,-6.70907,108.57073,0
Cilacap,Jawa Tengah,2004,-7.74913,109.01491,449.8
Cigading,Banten,2004,6.016666667,105.95,1112.3
Bontang,Kalimantan Timur,2004,0.08553,117.48763,28743.5
Blang Lancang (Arun),Aceh,2004,5.233333333,97.1,5965.1
"Bituni, Papua",Papua Barat,2004,,,0
Bitung,Sulawesi Utara,2004,1.4389,125.19403,501
Bima,NTB,2004,-8.44602,118.71591,30.8
Benoa/Loloan,Bali,2004,-8.74329,115.20943,872.8
Belawan,Sumatera Utara,2004,3.79246,98.71623,6579.2
Batu Ampar,Kepulauan Riau,2004,1.169719444,104.02,569
Banjarmasin,Kalimantan Selatan,2004,-3.33321,114.5551,18036.3
Balongan,Jawa Barat,2004,6.360561111,108.3902806,904.1
Balikpapan,Kalimantan Timur,2004,-1.25527,116.81594,10336.8
Bade Irian Jaya,Papua,2004,7.1687,139.5937,19.9
Atapupu,NTT,2004,8.9964,124.8617,1.4
Arjuna,Jawa Barat,2004,7.816666667,112.5666667,0
Ambon,Maluku,2004,-3.6941,128.17627,408.2
Amamapare,Papua,2004,-4.82653,136.84068,821.1
Waingapu,NTT,2003,-9.63969,120.25055,0
Ujung Pandang,Sulawesi Selatan,2003,5.133333333,119.4,448.7
Tuban,Jawa Timur,2003,-6.786842,111.8976,779.6
Ternate,Maluku Utara,2003,0.78066,127.38809,1285.9
Tenau,NTT,2003,-10.1718,123.6075,52.7
Teluk Kasim/Salawati,Papua Barat,2003,1.3,131.0166667,387.5
Tanjung Santan,Kalimantan Timur,2003,8.733333333,109,2413.5
Tanjung Sangata,Kalimantan Timur,2003,0.366666667,117.5666667,15324.5
Tanjung Priok,DKI Jakarta,2003,-6.10492,106.87615,15623.9
Tanjung Pinang,Kepulauan Riau,2003,0.92914,104.45295,0
Tanjung Perak,Jawa Timur,2003,7.216666667,112.7333333,495.1
Tanjung Emas,Jawa Tengah,2003,6.883333333,110.4,955.1
Sorong,Papua Barat,2003,-0.87802,131.24612,0
Soekarno Hatta 1,DKI Jakarta,2003,5.1225,119.4078,276.3
Senipah,Kalimantan Timur,2003,0.95,117.1666667,2724.6
Sekupang,Kepulauan Riau,2003,1.133333333,103.9166667,307.2
Samarinda,Kalimantan Timur,2003,-0.50507,117.15071,10872.2
Pulau Sambu,Kepulauan Riau,2003,1.166666667,103.9,0
Pontianak,Kalimantan Barat,2003,-0.01847,109.33552,671.6
Pomalaa,Sulawesi Tenggara,2003,-4.23145,121.57935,648.2
Pantoloan,Sulawesi Tengah,2003,-0.69477,119.84041,97.4
Panjang,Lampung,2003,5.466666667,105.3166667,2696.5
Pangkalan Susu,Sumatera Utara,2003,4.116666667,98.21666667,0
Palembang0Plaju,Sumatera Selatan,2003,2.984722222,104.8347222,503.2
Palembang (Kertapati),Sumatera Selatan,2003,-2.178201,104.952,0
Pakanbaru/Rumbai,Riau,2003,0.5566,101.4507,0
Padang/Teluk Bayur,Sumatera Barat,2003,-8.53394,115.5086,1164
Ngurah Rai 1,Bali,2003,-8.75,115.1667,67.3
Musi River/Boom Baru,Sumatera Selatan,2003,2.981111111,104.7816667,1408.1
Merak,Banten,2003,5.95,106,1615
Mamuju,Sulawesi Barat,2003,-2.66758,118.8942,33.3
Malili,Sulawesi Selatan,2003,-2.66317,120.98228,31.3
Lingkas Tarakan,Kalimantan Timur,2003,3.283333333,117.6,0
Kupang,NTT,2003,-10.15375,123.59051,0
Kotabaru,Kalimantan Selatan,2003,3.233333333,116.2166667,20620.1
Kolaka,Sulawesi Tenggara,2003,4.0581,121.5851,4.9
Kabil/Panau,Kepulauan Riau,2003,1.352016667,104.1581722,239
Hasanuddin 1,Sulawesi Selatan,2003,-5.14,119.4221,31.8
Dumai,Riau,2003,1.6861,101.44849,17178.1
Cirebon,Jawa Barat,2003,-6.70907,108.57073,0
Cilacap,Jawa Tengah,2003,-7.74913,109.01491,5590.5
Cigading,Banten,2003,6.016666667,105.95,1163.9
Bontang,Kalimantan Timur,2003,0.08553,117.48763,29114.9
Blang Lancang (Arun),Aceh,2003,5.233333333,97.1,7060.6
"Bituni, Papua",Papua Barat,2003,,,0
Bitung,Sulawesi Utara,2003,1.4389,125.19403,406.4
Bima,NTB,2003,-8.44602,118.71591,765.4
Benoa/Loloan,Bali,2003,-8.74329,115.20943,4.1
Belawan,Sumatera Utara,2003,3.79246,98.71623,4440.8
Batu Ampar,Kepulauan Riau,2003,1.169719444,104.02,395.8
Banjarmasin,Kalimantan Selatan,2003,-3.33321,114.5551,15976.6
Balongan,Jawa Barat,2003,6.360561111,108.3902806,1103.3
Balikpapan,Kalimantan Timur,2003,-1.25527,116.81594,10591.7
Bade Irian Jaya,Papua,2003,7.1687,139.5937,104.1
Atapupu,NTT,2003,8.9964,124.8617,0
Arjuna,Jawa Barat,2003,7.816666667,112.5666667,0
Ambon,Maluku,2003,-3.6941,128.17627,157.3
Amamapare,Papua,2003,-4.82653,136.84068,1568
Waingapu,NTT,2002,-9.63969,120.25055,3.8
Ujung Pandang,Sulawesi Selatan,2002,5.133333333,119.4,882.5
Tuban,Jawa Timur,2002,-6.786842,111.8976,748.6
Ternate,Maluku Utara,2002,0.78066,127.38809,992.6
Tenau,NTT,2002,-10.1718,123.6075,71.8
Teluk Kasim/Salawati,Papua Barat,2002,1.3,131.0166667,317
Tanjung Santan,Kalimantan Timur,2002,8.733333333,109,3007.7
Tanjung Sangata,Kalimantan Timur,2002,0.366666667,117.5666667,13959
Tanjung Priok,DKI Jakarta,2002,-6.10492,106.87615,17954.4
Tanjung Pinang,Kepulauan Riau,2002,0.92914,104.45295,0
Tanjung Perak,Jawa Timur,2002,7.216666667,112.7333333,346.2
Tanjung Emas,Jawa Tengah,2002,6.883333333,110.4,694.6
Sorong,Papua Barat,2002,-0.87802,131.24612,0
Soekarno Hatta 1,DKI Jakarta,2002,5.1225,119.4078,164.9
Senipah,Kalimantan Timur,2002,0.95,117.1666667,2250.8
Sekupang,Kepulauan Riau,2002,1.133333333,103.9166667,231.1
Samarinda,Kalimantan Timur,2002,-0.50507,117.15071,7860.5
Pulau Sambu,Kepulauan Riau,2002,1.166666667,103.9,0
Pontianak,Kalimantan Barat,2002,-0.01847,109.33552,954.3
Pomalaa,Sulawesi Tenggara,2002,-4.23145,121.57935,347.8
Pantoloan,Sulawesi Tengah,2002,-0.69477,119.84041,100.1
Panjang,Lampung,2002,5.466666667,105.3166667,1982.6
Pangkalan Susu,Sumatera Utara,2002,4.116666667,98.21666667,0
Palembang0Plaju,Sumatera Selatan,2002,2.984722222,104.8347222,514.4
Palembang (Kertapati),Sumatera Selatan,2002,-2.178201,104.952,0
Pakanbaru/Rumbai,Riau,2002,0.5566,101.4507,0
Padang/Teluk Bayur,Sumatera Barat,2002,-8.53394,115.5086,2126.1
Ngurah Rai 1,Bali,2002,-8.75,115.1667,54.6
Musi River/Boom Baru,Sumatera Selatan,2002,2.981111111,104.7816667,1018.4
Merak,Banten,2002,5.95,106,1205.1
Mamuju,Sulawesi Barat,2002,-2.66758,118.8942,16
Malili,Sulawesi Selatan,2002,-2.66317,120.98228,0
Lingkas Tarakan,Kalimantan Timur,2002,3.283333333,117.6,0
Kupang,NTT,2002,-10.15375,123.59051,0
Kotabaru,Kalimantan Selatan,2002,3.233333333,116.2166667,15800.5
Kolaka,Sulawesi Tenggara,2002,4.0581,121.5851,0
Kabil/Panau,Kepulauan Riau,2002,1.352016667,104.1581722,248.4
Hasanuddin 1,Sulawesi Selatan,2002,-5.14,119.4221,0.6
Dumai,Riau,2002,1.6861,101.44849,18086
Cirebon,Jawa Barat,2002,-6.70907,108.57073,0
Cilacap,Jawa Tengah,2002,-7.74913,109.01491,6150.7
Cigading,Banten,2002,6.016666667,105.95,1564.1
Bontang,Kalimantan Timur,2002,0.08553,117.48763,27514.7
Blang Lancang (Arun),Aceh,2002,5.233333333,97.1,7648.6
"Bituni, Papua",Papua Barat,2002,,,0
Bitung,Sulawesi Utara,2002,1.4389,125.19403,159.4
Bima,NTB,2002,-8.44602,118.71591,906.2
Benoa/Loloan,Bali,2002,-8.74329,115.20943,5
Belawan,Sumatera Utara,2002,3.79246,98.71623,5581.5
Batu Ampar,Kepulauan Riau,2002,1.169719444,104.02,2107.3
Banjarmasin,Kalimantan Selatan,2002,-3.33321,114.5551,12523.8
Balongan,Jawa Barat,2002,6.360561111,108.3902806,571.1
Balikpapan,Kalimantan Timur,2002,-1.25527,116.81594,9477.3
Bade Irian Jaya,Papua,2002,7.1687,139.5937,9.1
Atapupu,NTT,2002,8.9964,124.8617,0
Arjuna,Jawa Barat,2002,7.816666667,112.5666667,0
Ambon,Maluku,2002,-3.6941,128.17627,32.6
Amamapare,Papua,2002,-4.82653,136.84068,1903.5
Waingapu,NTT,2001,-9.63969,120.25055,0
Ujung Pandang,Sulawesi Selatan,2001,5.133333333,119.4,1335.3
Tuban,Jawa Timur,2001,-6.786842,111.8976,0
Ternate,Maluku Utara,2001,0.78066,127.38809,584.1
Tenau,NTT,2001,-10.1718,123.6075,0
Teluk Kasim/Salawati,Papua Barat,2001,1.3,131.0166667,278.9
Tanjung Santan,Kalimantan Timur,2001,8.733333333,109,0
Tanjung Sangata,Kalimantan Timur,2001,0.366666667,117.5666667,0
Tanjung Priok,DKI Jakarta,2001,-6.10492,106.87615,15398.8
Tanjung Pinang,Kepulauan Riau,2001,0.92914,104.45295,1078.6
Tanjung Perak,Jawa Timur,2001,7.216666667,112.7333333,6287.1
Tanjung Emas,Jawa Tengah,2001,6.883333333,110.4,1291.4
Sorong,Papua Barat,2001,-0.87802,131.24612,116.9
Soekarno Hatta 1,DKI Jakarta,2001,5.1225,119.4078,0
Senipah,Kalimantan Timur,2001,0.95,117.1666667,2133.4
Sekupang,Kepulauan Riau,2001,1.133333333,103.9166667,0
Samarinda,Kalimantan Timur,2001,-0.50507,117.15071,6104
Pulau Sambu,Kepulauan Riau,2001,1.166666667,103.9,743
Pontianak,Kalimantan Barat,2001,-0.01847,109.33552,779.7
Pomalaa,Sulawesi Tenggara,2001,-4.23145,121.57935,442.8
Pantoloan,Sulawesi Tengah,2001,-0.69477,119.84041,115.7
Panjang,Lampung,2001,5.466666667,105.3166667,1153
Pangkalan Susu,Sumatera Utara,2001,4.116666667,98.21666667,0
Palembang0Plaju,Sumatera Selatan,2001,2.984722222,104.8347222,0
Palembang (Kertapati),Sumatera Selatan,2001,-2.178201,104.952,0
Pakanbaru/Rumbai,Riau,2001,0.5566,101.4507,21.9
Padang/Teluk Bayur,Sumatera Barat,2001,-8.53394,115.5086,2526.4
Ngurah Rai 1,Bali,2001,-8.75,115.1667,129.4
Musi River/Boom Baru,Sumatera Selatan,2001,2.981111111,104.7816667,1155.6
Merak,Banten,2001,5.95,106,602
Mamuju,Sulawesi Barat,2001,-2.66758,118.8942,0
Malili,Sulawesi Selatan,2001,-2.66317,120.98228,33.1
Lingkas Tarakan,Kalimantan Timur,2001,3.283333333,117.6,1103.1
Kupang,NTT,2001,-10.15375,123.59051,3.3
Kotabaru,Kalimantan Selatan,2001,3.233333333,116.2166667,0
Kolaka,Sulawesi Tenggara,2001,4.0581,121.5851,0
Kabil/Panau,Kepulauan Riau,2001,1.352016667,104.1581722,0
Hasanuddin 1,Sulawesi Selatan,2001,-5.14,119.4221,0
Dumai,Riau,2001,1.6861,101.44849,0
Cirebon,Jawa Barat,2001,-6.70907,108.57073,7.7
Cilacap,Jawa Tengah,2001,-7.74913,109.01491,1850.3
Cigading,Banten,2001,6.016666667,105.95,0
Bontang,Kalimantan Timur,2001,0.08553,117.48763,28509.8
Blang Lancang (Arun),Aceh,2001,5.233333333,97.1,0
"Bituni, Papua",Papua Barat,2001,,,97.6
Bitung,Sulawesi Utara,2001,1.4389,125.19403,35.6
Bima,NTB,2001,-8.44602,118.71591,0
Benoa/Loloan,Bali,2001,-8.74329,115.20943,7.6
Belawan,Sumatera Utara,2001,3.79246,98.71623,4467.9
Batu Ampar,Kepulauan Riau,2001,1.169719444,104.02,0
Banjarmasin,Kalimantan Selatan,2001,-3.33321,114.5551,11380.8
Balongan,Jawa Barat,2001,6.360561111,108.3902806,0
Balikpapan,Kalimantan Timur,2001,-1.25527,116.81594,10730.2
Bade Irian Jaya,Papua,2001,7.1687,139.5937,0
Atapupu,NTT,2001,8.9964,124.8617,0
Arjuna,Jawa Barat,2001,7.816666667,112.5666667,705.6
Ambon,Maluku,2001,-3.6941,128.17627,0
Amamapare,Papua,2001,-4.82653,136.84068,1525.7
Waingapu,NTT,2000,-9.63969,120.25055,0
Ujung Pandang,Sulawesi Selatan,2000,5.133333333,119.4,848.9
Tuban,Jawa Timur,2000,-6.786842,111.8976,0
Ternate,Maluku Utara,2000,0.78066,127.38809,76.1
Tenau,NTT,2000,-10.1718,123.6075,0
Teluk Kasim/Salawati,Papua Barat,2000,1.3,131.0166667,463.2
Tanjung Santan,Kalimantan Timur,2000,8.733333333,109,0
Tanjung Sangata,Kalimantan Timur,2000,0.366666667,117.5666667,0
Tanjung Priok,DKI Jakarta,2000,-6.10492,106.87615,15607.3
Tanjung Pinang,Kepulauan Riau,2000,0.92914,104.45295,1023.4
Tanjung Perak,Jawa Timur,2000,7.216666667,112.7333333,5695.2
Tanjung Emas,Jawa Tengah,2000,6.883333333,110.4,1259.1
Sorong,Papua Barat,2000,-0.87802,131.24612,229.4
Soekarno Hatta 1,DKI Jakarta,2000,5.1225,119.4078,0
Senipah,Kalimantan Timur,2000,0.95,117.1666667,1359.4
Sekupang,Kepulauan Riau,2000,1.133333333,103.9166667,0
Samarinda,Kalimantan Timur,2000,-0.50507,117.15071,4513.9
Pulau Sambu,Kepulauan Riau,2000,1.166666667,103.9,2129.9
Pontianak,Kalimantan Barat,2000,-0.01847,109.33552,731.1
Pomalaa,Sulawesi Tenggara,2000,-4.23145,121.57935,346.3
Pantoloan,Sulawesi Tengah,2000,-0.69477,119.84041,92.6
Panjang,Lampung,2000,5.466666667,105.3166667,2556.1
Pangkalan Susu,Sumatera Utara,2000,4.116666667,98.21666667,2
Palembang0Plaju,Sumatera Selatan,2000,2.984722222,104.8347222,0
Palembang (Kertapati),Sumatera Selatan,2000,-2.178201,104.952,0
Pakanbaru/Rumbai,Riau,2000,0.5566,101.4507,3.3
Padang/Teluk Bayur,Sumatera Barat,2000,-8.53394,115.5086,2757.5
Ngurah Rai 1,Bali,2000,-8.75,115.1667,38.6
Musi River/Boom Baru,Sumatera Selatan,2000,2.981111111,104.7816667,1407.1
Merak,Banten,2000,5.95,106,953.3
Mamuju,Sulawesi Barat,2000,-2.66758,118.8942,0
Malili,Sulawesi Selatan,2000,-2.66317,120.98228,32.5
Lingkas Tarakan,Kalimantan Timur,2000,3.283333333,117.6,593.8
Kupang,NTT,2000,-10.15375,123.59051,2.5
Kotabaru,Kalimantan Selatan,2000,3.233333333,116.2166667,0
Kolaka,Sulawesi Tenggara,2000,4.0581,121.5851,0
Kabil/Panau,Kepulauan Riau,2000,1.352016667,104.1581722,0
Hasanuddin 1,Sulawesi Selatan,2000,-5.14,119.4221,0
Dumai,Riau,2000,1.6861,101.44849,0
Cirebon,Jawa Barat,2000,-6.70907,108.57073,1.1
Cilacap,Jawa Tengah,2000,-7.74913,109.01491,1383.6
Cigading,Banten,2000,6.016666667,105.95,0
Bontang,Kalimantan Timur,2000,0.08553,117.48763,26459.6
Blang Lancang (Arun),Aceh,2000,5.233333333,97.1,0
"Bituni, Papua",Papua Barat,2000,,,59.5
Bitung,Sulawesi Utara,2000,1.4389,125.19403,355.1
Bima,NTB,2000,-8.44602,118.71591,0
Benoa/Loloan,Bali,2000,-8.74329,115.20943,8.9
Belawan,Sumatera Utara,2000,3.79246,98.71623,4149.2
Batu Ampar,Kepulauan Riau,2000,1.169719444,104.02,0
Banjarmasin,Kalimantan Selatan,2000,-3.33321,114.5551,9722.2
Balongan,Jawa Barat,2000,6.360561111,108.3902806,0
Balikpapan,Kalimantan Timur,2000,-1.25527,116.81594,7821.1
Bade Irian Jaya,Papua,2000,7.1687,139.5937,0
Atapupu,NTT,2000,8.9964,124.8617,0
Arjuna,Jawa Barat,2000,7.816666667,112.5666667,563.5
Ambon,Maluku,2000,-3.6941,128.17627,0
Amamapare,Papua,2000,-4.82653,136.84068,1690.8
Waingapu,NTT,1999,-9.63969,120.25055,0
Ujung Pandang,Sulawesi Selatan,1999,5.133333333,119.4,681.1
Tuban,Jawa Timur,1999,-6.786842,111.8976,0
Ternate,Maluku Utara,1999,0.78066,127.38809,201.7
Tenau,NTT,1999,-10.1718,123.6075,0
Teluk Kasim/Salawati,Papua Barat,1999,1.3,131.0166667,443
Tanjung Santan,Kalimantan Timur,1999,8.733333333,109,0
Tanjung Sangata,Kalimantan Timur,1999,0.366666667,117.5666667,0
Tanjung Priok,DKI Jakarta,1999,-6.10492,106.87615,15275.4
Tanjung Pinang,Kepulauan Riau,1999,0.92914,104.45295,1123.8
Tanjung Perak,Jawa Timur,1999,7.216666667,112.7333333,4609.8
Tanjung Emas,Jawa Tengah,1999,6.883333333,110.4,1126.4
Sorong,Papua Barat,1999,-0.87802,131.24612,96.6
Soekarno Hatta 1,DKI Jakarta,1999,5.1225,119.4078,0
Senipah,Kalimantan Timur,1999,0.95,117.1666667,2059.4
Sekupang,Kepulauan Riau,1999,1.133333333,103.9166667,0
Samarinda,Kalimantan Timur,1999,-0.50507,117.15071,5118
Pulau Sambu,Kepulauan Riau,1999,1.166666667,103.9,2745.6
Pontianak,Kalimantan Barat,1999,-0.01847,109.33552,733.1
Pomalaa,Sulawesi Tenggara,1999,-4.23145,121.57935,144.4
Pantoloan,Sulawesi Tengah,1999,-0.69477,119.84041,79.1
Panjang,Lampung,1999,5.466666667,105.3166667,2159.4
Pangkalan Susu,Sumatera Utara,1999,4.116666667,98.21666667,3.5
Palembang0Plaju,Sumatera Selatan,1999,2.984722222,104.8347222,0
Palembang (Kertapati),Sumatera Selatan,1999,-2.178201,104.952,87.2
Pakanbaru/Rumbai,Riau,1999,0.5566,101.4507,63.8
Padang/Teluk Bayur,Sumatera Barat,1999,-8.53394,115.5086,3680.1
Ngurah Rai 1,Bali,1999,-8.75,115.1667,54
Musi River/Boom Baru,Sumatera Selatan,1999,2.981111111,104.7816667,0
Merak,Banten,1999,5.95,106,729.1
Mamuju,Sulawesi Barat,1999,-2.66758,118.8942,0
Malili,Sulawesi Selatan,1999,-2.66317,120.98228,41.9
Lingkas Tarakan,Kalimantan Timur,1999,3.283333333,117.6,420
Kupang,NTT,1999,-10.15375,123.59051,0.1
Kotabaru,Kalimantan Selatan,1999,3.233333333,116.2166667,0
Kolaka,Sulawesi Tenggara,1999,4.0581,121.5851,0
Kabil/Panau,Kepulauan Riau,1999,1.352016667,104.1581722,0
Hasanuddin 1,Sulawesi Selatan,1999,-5.14,119.4221,0
Dumai,Riau,1999,1.6861,101.44849,0
Cirebon,Jawa Barat,1999,-6.70907,108.57073,0
Cilacap,Jawa Tengah,1999,-7.74913,109.01491,1431.5
Cigading,Banten,1999,6.016666667,105.95,0
Bontang,Kalimantan Timur,1999,0.08553,117.48763,23560.5
Blang Lancang (Arun),Aceh,1999,5.233333333,97.1,0
"Bituni, Papua",Papua Barat,1999,,,141.4
Bitung,Sulawesi Utara,1999,1.4389,125.19403,199.6
Bima,NTB,1999,-8.44602,118.71591,0
Benoa/Loloan,Bali,1999,-8.74329,115.20943,15
Belawan,Sumatera Utara,1999,3.79246,98.71623,4441.3
Batu Ampar,Kepulauan Riau,1999,1.169719444,104.02,0
Banjarmasin,Kalimantan Selatan,1999,-3.33321,114.5551,9904.7
Balongan,Jawa Barat,1999,6.360561111,108.3902806,0
Balikpapan,Kalimantan Timur,1999,-1.25527,116.81594,7500.9
Bade Irian Jaya,Papua,1999,7.1687,139.5937,0
Atapupu,NTT,1999,8.9964,124.8617,0
Arjuna,Jawa Barat,1999,7.816666667,112.5666667,1105.4
Ambon,Maluku,1999,-3.6941,128.17627,85.3
Amamapare,Papua,1999,-4.82653,136.84068,1825.6
Waingapu,NTT,1998,-9.63969,120.25055,0
Ujung Pandang,Sulawesi Selatan,1998,5.133333333,119.4,639.2
Tuban,Jawa Timur,1998,-6.786842,111.8976,0
Ternate,Maluku Utara,1998,0.78066,127.38809,276.8
Tenau,NTT,1998,-10.1718,123.6075,0
Teluk Kasim/Salawati,Papua Barat,1998,1.3,131.0166667,201.4
Tanjung Santan,Kalimantan Timur,1998,8.733333333,109,0
Tanjung Sangata,Kalimantan Timur,1998,0.366666667,117.5666667,0
Tanjung Priok,DKI Jakarta,1998,-6.10492,106.87615,16916.2
Tanjung Pinang,Kepulauan Riau,1998,0.92914,104.45295,370.8
Tanjung Perak,Jawa Timur,1998,7.216666667,112.7333333,5404.1
Tanjung Emas,Jawa Tengah,1998,6.883333333,110.4,1266.5
Sorong,Papua Barat,1998,-0.87802,131.24612,101.8
Soekarno Hatta 1,DKI Jakarta,1998,5.1225,119.4078,0
Senipah,Kalimantan Timur,1998,0.95,117.1666667,1647.5
Sekupang,Kepulauan Riau,1998,1.133333333,103.9166667,0
Samarinda,Kalimantan Timur,1998,-0.50507,117.15071,6134.3
Pulau Sambu,Kepulauan Riau,1998,1.166666667,103.9,4247.8
Pontianak,Kalimantan Barat,1998,-0.01847,109.33552,950.7
Pomalaa,Sulawesi Tenggara,1998,-4.23145,121.57935,251.4
Pantoloan,Sulawesi Tengah,1998,-0.69477,119.84041,67.6
Panjang,Lampung,1998,5.466666667,105.3166667,1682.8
Pangkalan Susu,Sumatera Utara,1998,4.116666667,98.21666667,3.8
Palembang0Plaju,Sumatera Selatan,1998,2.984722222,104.8347222,0
Palembang (Kertapati),Sumatera Selatan,1998,-2.178201,104.952,447.7
Pakanbaru/Rumbai,Riau,1998,0.5566,101.4507,32
Padang/Teluk Bayur,Sumatera Barat,1998,-8.53394,115.5086,2891.7
Ngurah Rai 1,Bali,1998,-8.75,115.1667,19.6
Musi River/Boom Baru,Sumatera Selatan,1998,2.981111111,104.7816667,0
Merak,Banten,1998,5.95,106,365.2
Mamuju,Sulawesi Barat,1998,-2.66758,118.8942,0
Malili,Sulawesi Selatan,1998,-2.66317,120.98228,30
Lingkas Tarakan,Kalimantan Timur,1998,3.283333333,117.6,424.8
Kupang,NTT,1998,-10.15375,123.59051,1
Kotabaru,Kalimantan Selatan,1998,3.233333333,116.2166667,0
Kolaka,Sulawesi Tenggara,1998,4.0581,121.5851,0
Kabil/Panau,Kepulauan Riau,1998,1.352016667,104.1581722,0
Hasanuddin 1,Sulawesi Selatan,1998,-5.14,119.4221,0
Dumai,Riau,1998,1.6861,101.44849,0
Cirebon,Jawa Barat,1998,-6.70907,108.57073,22.6
Cilacap,Jawa Tengah,1998,-7.74913,109.01491,759
Cigading,Banten,1998,6.016666667,105.95,0
Bontang,Kalimantan Timur,1998,0.08553,117.48763,19246.6
Blang Lancang (Arun),Aceh,1998,5.233333333,97.1,0
"Bituni, Papua",Papua Barat,1998,,,68.5
Bitung,Sulawesi Utara,1998,1.4389,125.19403,316
Bima,NTB,1998,-8.44602,118.71591,0
Benoa/Loloan,Bali,1998,-8.74329,115.20943,38.8
Belawan,Sumatera Utara,1998,3.79246,98.71623,4000.4
Batu Ampar,Kepulauan Riau,1998,1.169719444,104.02,0
Banjarmasin,Kalimantan Selatan,1998,-3.33321,114.5551,8401.8
Balongan,Jawa Barat,1998,6.360561111,108.3902806,0
Balikpapan,Kalimantan Timur,1998,-1.25527,116.81594,8379.6
Bade Irian Jaya,Papua,1998,7.1687,139.5937,0
Atapupu,NTT,1998,8.9964,124.8617,0
Arjuna,Jawa Barat,1998,7.816666667,112.5666667,1681
Ambon,Maluku,1998,-3.6941,128.17627,311.6
Amamapare,Papua,1998,-4.82653,136.84068,1894.4
Waingapu,NTT,1997,-9.63969,120.25055,0
Ujung Pandang,Sulawesi Selatan,1997,5.133333333,119.4,322.8
Tuban,Jawa Timur,1997,-6.786842,111.8976,0
Ternate,Maluku Utara,1997,0.78066,127.38809,952.8
Tenau,NTT,1997,-10.1718,123.6075,0
Teluk Kasim/Salawati,Papua Barat,1997,1.3,131.0166667,720.1
Tanjung Santan,Kalimantan Timur,1997,8.733333333,109,0
Tanjung Sangata,Kalimantan Timur,1997,0.366666667,117.5666667,0
Tanjung Priok,DKI Jakarta,1997,-6.10492,106.87615,12876.1
Tanjung Pinang,Kepulauan Riau,1997,0.92914,104.45295,147
Tanjung Perak,Jawa Timur,1997,7.216666667,112.7333333,3139.3
Tanjung Emas,Jawa Tengah,1997,6.883333333,110.4,903.4
Sorong,Papua Barat,1997,-0.87802,131.24612,115.4
Soekarno Hatta 1,DKI Jakarta,1997,5.1225,119.4078,0
Senipah,Kalimantan Timur,1997,0.95,117.1666667,1756
Sekupang,Kepulauan Riau,1997,1.133333333,103.9166667,0
Samarinda,Kalimantan Timur,1997,-0.50507,117.15071,3894.7
Pulau Sambu,Kepulauan Riau,1997,1.166666667,103.9,5895.9
Pontianak,Kalimantan Barat,1997,-0.01847,109.33552,840.4
Pomalaa,Sulawesi Tenggara,1997,-4.23145,121.57935,274.8
Pantoloan,Sulawesi Tengah,1997,-0.69477,119.84041,38
Panjang,Lampung,1997,5.466666667,105.3166667,1302.8
Pangkalan Susu,Sumatera Utara,1997,4.116666667,98.21666667,0
Palembang0Plaju,Sumatera Selatan,1997,2.984722222,104.8347222,0
Palembang (Kertapati),Sumatera Selatan,1997,-2.178201,104.952,1378.6
Pakanbaru/Rumbai,Riau,1997,0.5566,101.4507,292.7
Padang/Teluk Bayur,Sumatera Barat,1997,-8.53394,115.5086,2224.7
Ngurah Rai 1,Bali,1997,-8.75,115.1667,72.7
Musi River/Boom Baru,Sumatera Selatan,1997,2.981111111,104.7816667,0
Merak,Banten,1997,5.95,106,146.2
Mamuju,Sulawesi Barat,1997,-2.66758,118.8942,0
Malili,Sulawesi Selatan,1997,-2.66317,120.98228,41.2
Lingkas Tarakan,Kalimantan Timur,1997,3.283333333,117.6,345.2
Kupang,NTT,1997,-10.15375,123.59051,1.1
Kotabaru,Kalimantan Selatan,1997,3.233333333,116.2166667,0
Kolaka,Sulawesi Tenggara,1997,4.0581,121.5851,0
Kabil/Panau,Kepulauan Riau,1997,1.352016667,104.1581722,0
Hasanuddin 1,Sulawesi Selatan,1997,-5.14,119.4221,0
Dumai,Riau,1997,1.6861,101.44849,0
Cirebon,Jawa Barat,1997,-6.70907,108.57073,5.9
Cilacap,Jawa Tengah,1997,-7.74913,109.01491,568.5
Cigading,Banten,1997,6.016666667,105.95,0
Bontang,Kalimantan Timur,1997,0.08553,117.48763,19756.3
Blang Lancang (Arun),Aceh,1997,5.233333333,97.1,0
"Bituni, Papua",Papua Barat,1997,,,61.9
Bitung,Sulawesi Utara,1997,1.4389,125.19403,388.6
Bima,NTB,1997,-8.44602,118.71591,0
Benoa/Loloan,Bali,1997,-8.74329,115.20943,40.6
Belawan,Sumatera Utara,1997,3.79246,98.71623,4321.7
Batu Ampar,Kepulauan Riau,1997,1.169719444,104.02,0
Banjarmasin,Kalimantan Selatan,1997,-3.33321,114.5551,7948.1
Balongan,Jawa Barat,1997,6.360561111,108.3902806,0
Balikpapan,Kalimantan Timur,1997,-1.25527,116.81594,5919.2
Bade Irian Jaya,Papua,1997,7.1687,139.5937,0
Atapupu,NTT,1997,8.9964,124.8617,0
Arjuna,Jawa Barat,1997,7.816666667,112.5666667,1261
Ambon,Maluku,1997,-3.6941,128.17627,406.5
Amamapare,Papua,1997,-4.82653,136.84068,1717.6
Waingapu,NTT,1996,-9.63969,120.25055,0
Ujung Pandang,Sulawesi Selatan,1996,5.133333333,119.4,399.6
Tuban,Jawa Timur,1996,-6.786842,111.8976,0
Ternate,Maluku Utara,1996,0.78066,127.38809,1461
Tenau,NTT,1996,-10.1718,123.6075,0
Teluk Kasim/Salawati,Papua Barat,1996,1.3,131.0166667,936.8
Tanjung Santan,Kalimantan Timur,1996,8.733333333,109,0
Tanjung Sangata,Kalimantan Timur,1996,0.366666667,117.5666667,0
Tanjung Priok,DKI Jakarta,1996,-6.10492,106.87615,10763.1
Tanjung Pinang,Kepulauan Riau,1996,0.92914,104.45295,687.7
Tanjung Perak,Jawa Timur,1996,7.216666667,112.7333333,2775.8
Tanjung Emas,Jawa Tengah,1996,6.883333333,110.4,641.3
Sorong,Papua Barat,1996,-0.87802,131.24612,100.5
Soekarno Hatta 1,DKI Jakarta,1996,5.1225,119.4078,0
Senipah,Kalimantan Timur,1996,0.95,117.1666667,1443.7
Sekupang,Kepulauan Riau,1996,1.133333333,103.9166667,0
Samarinda,Kalimantan Timur,1996,-0.50507,117.15071,4555.3
Pulau Sambu,Kepulauan Riau,1996,1.166666667,103.9,5893.9
Pontianak,Kalimantan Barat,1996,-0.01847,109.33552,802.2
Pomalaa,Sulawesi Tenggara,1996,-4.23145,121.57935,306.1
Pantoloan,Sulawesi Tengah,1996,-0.69477,119.84041,50.2
Panjang,Lampung,1996,5.466666667,105.3166667,1425.3
Pangkalan Susu,Sumatera Utara,1996,4.116666667,98.21666667,0.7
Palembang0Plaju,Sumatera Selatan,1996,2.984722222,104.8347222,0
Palembang (Kertapati),Sumatera Selatan,1996,-2.178201,104.952,929.7
Pakanbaru/Rumbai,Riau,1996,0.5566,101.4507,628.1
Padang/Teluk Bayur,Sumatera Barat,1996,-8.53394,115.5086,2298.6
Ngurah Rai 1,Bali,1996,-8.75,115.1667,16.9
Musi River/Boom Baru,Sumatera Selatan,1996,2.981111111,104.7816667,0
Merak,Banten,1996,5.95,106,123.1
Mamuju,Sulawesi Barat,1996,-2.66758,118.8942,0
Malili,Sulawesi Selatan,1996,-2.66317,120.98228,45.4
Lingkas Tarakan,Kalimantan Timur,1996,3.283333333,117.6,145.4
Kupang,NTT,1996,-10.15375,123.59051,15.8
Kotabaru,Kalimantan Selatan,1996,3.233333333,116.2166667,0
Kolaka,Sulawesi Tenggara,1996,4.0581,121.5851,0
Kabil/Panau,Kepulauan Riau,1996,1.352016667,104.1581722,0
Hasanuddin 1,Sulawesi Selatan,1996,-5.14,119.4221,0
Dumai,Riau,1996,1.6861,101.44849,0
Cirebon,Jawa Barat,1996,-6.70907,108.57073,0.2
Cilacap,Jawa Tengah,1996,-7.74913,109.01491,704
Cigading,Banten,1996,6.016666667,105.95,0
Bontang,Kalimantan Timur,1996,0.08553,117.48763,16545.6
Blang Lancang (Arun),Aceh,1996,5.233333333,97.1,0
"Bituni, Papua",Papua Barat,1996,,,0
Bitung,Sulawesi Utara,1996,1.4389,125.19403,291.1
Bima,NTB,1996,-8.44602,118.71591,0
Benoa/Loloan,Bali,1996,-8.74329,115.20943,18.3
Belawan,Sumatera Utara,1996,3.79246,98.71623,3584.5
Batu Ampar,Kepulauan Riau,1996,1.169719444,104.02,0
Banjarmasin,Kalimantan Selatan,1996,-3.33321,114.5551,4584.8
Balongan,Jawa Barat,1996,6.360561111,108.3902806,0
Balikpapan,Kalimantan Timur,1996,-1.25527,116.81594,2512.8
Bade Irian Jaya,Papua,1996,7.1687,139.5937,0
Atapupu,NTT,1996,8.9964,124.8617,0
Arjuna,Jawa Barat,1996,7.816666667,112.5666667,1062.2
Ambon,Maluku,1996,-3.6941,128.17627,697.5
Amamapare,Papua,1996,-4.82653,136.84068,1851.3
